id,lat,lng,name,name_en,type,routes
183431911,40.9033842,45.8882377,Zəyəm Stansiyası,,station,
184604225,41.1154011,45.4514404,Ağstafa Stansiyası,,stop_position,
226573633,40.4330015,49.8035326,Biləcəri,,stop_position,
226587850,40.4491555,49.7290793,№10,,halt,
229039385,40.5131362,49.9455067,Məmmədli,,stop_position,
235460157,38.9574303,45.6230096,Culfa,,station,
277364359,40.3799792,49.8489991,28 May əsas çıxış,28 May main entrance,subway_entrance,
431966946,39.356798,45.0889905,Şahtaxtı,,station,
670198805,40.3659591,49.8316454,İçərişəhər,Icherisheher,stop_position,
670199291,40.3717359,49.8445559,Sahil,,stop_position,
670199298,40.3832514,49.8721454,Şah İsmayıl Xətai,Shah Ismail Khatai,stop_position,
670216816,40.3793192,49.8300187,Nizami,,stop_position,
670217100,40.3751519,49.8154836,Elmlər Akademiyası,Elmler Akademiyasi,stop_position,
670217274,40.3890935,49.8023575,İnşaatçılar,Inshaatchilar,stop_position,
670217698,40.4246452,49.8262798,Nəsimi,Nasimi,stop_position,
670219440,40.3999085,49.8505647,Gənclik,,stop_position,
670219867,40.4028824,49.8705891,Nəriman Nərimanov,Nariman Narimanov station,stop_position,
670220144,40.4141403,49.8787959,Bakmil,,stop_position,
670220312,40.4208641,49.9180944,Koroğlu,Koroglu,station,
670220397,40.4176118,49.9339594,Qara Qarayev,Gara Garayev,stop_position,
670220410,40.411155,49.9425681,Neftçilər,Neftchilar,stop_position,
670220733,40.3968851,49.9529864,Xalqlar Dostluğu,Halglar Dostlugu,stop_position,
670220979,40.3855583,49.9539452,Əhmədli,Ahmadli,stop_position,
670220993,40.3730376,49.9535736,Həzi Aslanov,Hazi Aslanov,stop_position,
852866220,40.4174825,49.8383836,Corce Enesku parkı,,bus_stop,"3,6,8,26,88"
1001147686,40.4871213,50.1646668,Mərdəkan Mədəniyyət Sarayı,,bus_stop,
1148914625,40.4259622,49.8429264,Azadlıq prospekti,,stop_position,
1156367958,40.4258832,49.8409032,4,,subway_entrance,
1213299578,40.4193679,49.8179871,Göz klinikası 1,,bus_stop,
1213299601,40.4209224,49.8139666,Mir Cəlal küçəsi elektrik yarımstansiyası,,bus_stop,
1213339341,40.4153001,49.814158,111 nömrəli tam orta məktəb,,bus_stop,
1370907358,39.0510931,45.4576586,Nehrəm,,station,
1427897899,40.3854514,49.9771744,Q yaşayış massivi,,bus_stop,
1427968187,40.386405,49.9830047,,,bus_stop,
1427968188,40.381804,49.9847857,,,bus_stop,
1427968192,40.3791151,49.9807839,,,bus_stop,
1427968211,40.3846301,49.9794313,Samir Cəfərov küçəsi 10,,bus_stop,
1427977290,40.3791771,49.9782015,Dövlət Yanğından Mühafizə Hissəsi,,bus_stop,
1430720244,40.4140432,49.9669951,,,bus_station,
1430720249,40.4125442,49.9683043,,,bus_stop,
1430720251,40.410826,49.9642386,,,bus_stop,
1430720253,40.4161215,49.9641549,,,bus_stop,
1461533898,40.398644,49.8753045,Heydər Əliyev prospekti 36,,bus_stop,
1461542266,40.4029371,49.8716986,4,,subway_entrance,
1461550207,40.4027969,49.872199,,,bus_stop,
1461550214,40.4036466,49.8712755,N. Nərimanov m/st (A. Nemətulla küç.),,bus_stop,
1461550218,40.4037149,49.8715662,Nərimanov metro stansiyası,,bus_stop,
1531280675,41.3280625,45.0767082,Qırmızı Körpü,,bus_station,
1640651845,40.4865333,50.1705988,,,bus_stop,
1644125674,39.9405132,48.3717905,Saatlı,,station,
1646833685,40.3859281,49.9618614,Məzahir Rüstəmov küçəsi 155,,bus_stop,
1657069670,40.32547,49.7814111,,,bus_station,
1665662373,40.3048117,49.7797085,120,,bus_stop,
1666900866,41.4676285,48.8065259,Xaçmaz stansiyası,,station,
1764850519,40.3988946,49.9513012,Xalqlar Dostluğu m/st,,bus_stop,
1764850589,40.4014425,49.949433,Qara Qarayev prospekti 608,,bus_stop,
1764850674,40.4008809,49.9502009,Qara Qarayev prospekti 59,,bus_stop,
1771370121,40.3649524,49.8179742,Respublika İncəsənət Gimnaziyası,,bus_stop,
1808672465,40.4311629,49.8099574,300 nömrəli tam orta məktəb,,bus_stop,
1808672479,40.4211485,49.804209,Mərkəzi Dəmiryol Xəstəxanası,,bus_stop,
1808974008,40.4261908,49.8056825,Xurşidbanu Natəvan küçəsi 153A,,bus_stop,
1808978624,40.4315002,49.7981929,,,bus_stop,
1808978628,40.4208497,49.7993316,Biləcəri dairəsi,,bus_stop,"2,13,14,20,37,67,83,91,92,96,117 \ Biləcəri Dairəsi"
1808978630,40.4226688,49.797894,Avtovağzal m/st,,bus_stop,
1808978633,40.4258774,49.7940704,Rəşid İsmayılov küçəsi 4,,bus_stop,
1808978638,40.4315982,49.7998988,,,bus_stop,
1808978641,40.4313696,49.7958111,,,bus_stop,
1812267114,40.406717,49.8065904,14 saylı notariat ofisi,,bus_stop,"2,7,13,14,18,20,37,5,67,83,96,102,114,119,199,65"
1846111339,40.414603,49.9663483,252 nömrəli tam orta məktəb,,bus_stop,
1863175579,40.3700156,49.8344627,Nizami bağı,,bus_stop,
1894710723,39.1088635,45.4156865,,,stop_position,
1895813078,40.3750418,49.8462979,Rəşid Behbudov adına Mahnı Teatrı,,stop_position,
1924834867,40.4254022,49.8617881,Dərnəgül,Darnagul,stop_position,
1930089758,40.4033943,49.8077444,4,,subway_entrance,
1930089759,40.4036499,49.8085034,3,,subway_entrance,
1930089762,40.404139,49.807702,20 Yanvar st.,,stop_position,
1936368741,40.42932,49.8563756,244 nömrəli tam orta məktəb,,bus_stop,
1936368875,40.4324887,49.8560666,Abay Kunanbayev küçəsi 76,,bus_stop,
1936368893,40.4325397,49.8542061,Abay Kunanbayev küçəsi 82,,bus_stop,
1979019376,40.95993,47.8307112,Avtovağzal,,bus_station,
2015439233,40.3929613,49.9766411,Etibar Bəkirli küçəsi 102,,bus_stop,
2015439257,40.3958794,49.9827994,,81,bus_stop,
2015461086,40.3923521,49.9725665,Əhməd Mehbalıyev küçəsi 24,,bus_stop,
2022808756,40.3784588,49.8447855,Mərkəzi Bank/Milli Bank,,bus_stop,
2034721690,40.3932115,49.8348794,Nəsimi rayon bələdiyyəsi,,bus_stop,
2034721773,40.3958989,49.833863,Azərbaycan Tibb Universiteti,Azerbaijan Medical University,bus_stop,
2058340615,39.8739443,48.0564361,İmişli,,station,
2066708337,40.4685574,49.7408371,Xırdalan 10 nömrəli tam orta məktəb,,bus_stop,
2066708343,40.4690824,49.7412086,Abşeron DOST mərkəzi,,bus_stop,
2078651042,40.4297785,49.9849437,Əmircan Stansiyası,,station,
2078651777,40.4361166,49.9726053,Bülbülə Stansiyası,,station,
2094921856,40.3896892,49.8425423,Azadlıq prospekti 145,,bus_stop,
2094922889,40.3850021,49.8447229,Bakı Slavyan Universiteti,,bus_stop,
2119769691,40.3914289,49.843238,Koroğlu parkı,,bus_stop,
2119769867,40.391987,49.843606,,,bus_stop,
2119771057,40.395433,49.84215,,,bus_stop,
2173026854,40.3750775,49.8157453,Elmlər Akademiyası m/st,,bus_stop,
2173026857,40.3726654,49.8173041,Hüseyn Cavid parkı,,bus_stop,
2173026858,40.3798782,49.8153322,Hüseyn Cavid prospekti 168,,bus_stop,
2173026862,40.3707248,49.8163221,Azərbaycan Texniki Universiteti,Azerbaijan Technical University,bus_stop,
2173026865,40.3703878,49.8166439,5 nömrəli uşaq poliklinikası,,bus_stop,
2173026871,40.3588077,49.8262352,Milli Məclis,National Assembly,bus_stop,
2173026878,40.3798288,49.815132,Hüseyn Cavid prospekti 205A,,bus_stop,
2173026881,40.375922,49.8158607,Elmlər Akademiyası m/st,,bus_stop,
2173026883,40.3618557,49.8218579,Fəxri Xiyaban,Alley of Honor,bus_stop,
2173026886,40.3602756,49.8247727,Mərkəzi Klinik Xəstəxana,,bus_stop,
2173026892,40.3647418,49.8170804,16 nömrəli Uşaq Musiqi Məktəbi,,bus_stop,
2214813761,40.3628725,49.8343909,Filarmoniya bağı,Philharmonic Garden,bus_stop,
2261777391,40.3829272,49.842935,Azərbaycan Dillər Universiteti,Azerbaijan University of Languages,bus_stop,
2268465895,40.7449653,48.0313214,Avtovağzal,,bus_stop,
2295524457,40.379652,49.8489498,Cəfər Cabbarlı,Jafar Jabbarly,stop_position,
2336972251,40.3889354,49.8343877,,,bus_stop,
2336972256,40.3886581,49.8354921,22 saylı poçt şöbəsi,,bus_stop,
2336972258,40.3855594,49.8374155,Zabitlər parkı,Officers' Park,bus_stop,
2520194188,40.6474436,47.4962525,Agdash Avtovagzal,,bus_stop,
2522904670,40.4107805,49.8365563,Milli Arxiv İdarəsi,,bus_stop,
2556766917,40.4147757,49.8904283,Ulduz,,subway_entrance,
2556766925,40.4148135,49.8927509,4,,subway_entrance,
2556766954,40.4152079,49.8926613,3,,subway_entrance,
2556912678,40.397849,49.8926871,Keşlə dayanacağı,,stop_position,
2572626839,40.4110709,49.8358202,Milli Arxiv İdarəsi,,bus_stop,
2728357106,40.4987917,47.5733286,,,bus_stop,
2728357107,40.4983681,47.5737176,,,bus_stop,
2728357111,40.5018278,47.5401569,,,bus_stop,
2728357112,40.5021573,47.5404619,,,bus_stop,
2728357127,40.5126771,47.5034326,,,bus_stop,
2728357128,40.5130289,47.5033752,,,bus_stop,
2728370659,40.55464,47.3729485,,,bus_stop,
2728370660,40.555119,47.3729655,,,bus_stop,
2728370664,40.5900598,47.2181317,,,bus_stop,
2728370665,40.5905067,47.2175749,,,bus_stop,
2739519561,40.4936527,47.6192996,,,bus_stop,
2750121368,40.494221,47.61704,,,bus_stop,
2754422816,40.3746105,47.7932359,Bagman,,bus_stop,
2754472606,40.400182,47.8037558,Bagman,,bus_stop,
2760250409,40.3377957,49.805844,236 nömrəli tam orta məktəb,,bus_stop,
2825707806,40.9935322,45.6245911,Tovuz Avtovağzalı,,bus_station,
2857851598,41.3862332,45.1837032,Böyük Kəsik Stansiyası,,station,
2862987409,41.6780686,46.4113784,Balakən stansiyası,,station,
2874179106,38.8899559,48.7598248,,,bus_stop,
2880376611,41.1133655,49.1072138,2540 km,,halt,
2880376613,41.1451336,49.0966388,2644 km,,halt,
2880376642,41.1636593,49.0885571,Gilgilçay,,station,
2892778494,40.6583645,49.519902,PP,,halt,
2914306502,40.4829833,49.6721393,Stansiya Aşağı Güzdək,,station,
2914362309,40.4556611,49.6690739,Bakı-Şamaxı şos. YDM,,bus_stop,
2914362310,40.455986,49.6691769,Bakı-Şamaxı şos. YDM,,bus_stop,
2921505601,40.3927261,49.7918161,Əsəd Əhmədov küçəsi 14,,bus_stop,
2959051355,39.7431685,46.7463693,,,bus_stop,
2981244380,39.2186238,45.4027383,Avtobus vağzalı,,bus_station,
3072412158,41.1153874,45.4510102,Ağstafa Stansiyası,,station,
3072414461,40.8681945,46.0360223,Dəllər Stansiyası,,station,
3072414560,40.9940661,45.6169732,Tovuz Stansiyasi,,station,
3072417074,40.0452174,48.936514,Hacıqabul Dəmiryol Stansiyası,,station,
3072419334,40.7142801,46.3670789,Gəncə,Ganja,station,
3077754725,40.4018871,49.820828,8 Noyabr,,stop_position,
3078730877,38.4888916,48.8759208,Astara,,station,
3078736354,39.4461291,47.3416483,Horadiz,,station,
3078738493,40.2608102,47.0908521,Köçərli,,station,
3078750820,40.7840996,46.2542908,Stansiya Alabaşlı,,station,
3078917806,39.2311603,48.6435574,Cəlilabad,,station,
3078920095,39.6304469,47.7140945,Daşburun,,station,
3078929442,40.6529665,46.851865,Goran Stansiyası,,station,
3078931804,41.2762468,46.9710179,Göynük,,halt,
3078941860,39.5006746,47.464491,Hacılı,,station,
3078945695,38.7599179,48.8571215,Lənkəran,,station,
3078951371,39.1191568,48.6588721,Masallı,,station,
3078963426,39.5639544,48.960258,Salyan Stansiyası,,station,
3078964353,39.0080348,48.7828456,Qasımlı,,station,
3078969897,41.3929029,46.755131,Qorağan Stansiyası,,station,
3078981460,41.068683,47.1332628,Şəki stansiyası,,station,
3078981829,40.8357109,46.1467703,Şəmkir Təzəkənd Stansiyası,,station,
3078987442,39.9336908,48.9214833,Şirvan Sərnişin Dəmiryol Stansiyası,,station,
3078990992,39.7885891,47.9318338,Vǝtǝgǝ,,station,
3078993776,39.7158975,47.8289114,Xələc,,station,
3078996274,41.583339,46.5708697,Zaqatala Stansiyası,,stop_position,
3078997905,39.9433197,49.3882604,Yeni Ələt,,station,
3079006681,40.6309833,49.5425623,Zeynalabdin Tağıyev Stansiyası,,station,
3079009777,40.6974974,46.4830544,Zazalı Stansiyası,,station,
3079024523,41.6335291,48.682832,Xudat,,station,
3079031575,40.792226,47.2096005,Xanabad Stansiyası,,station,
3079042221,41.0559041,45.532457,Köçəsgər Stansiyası,,station,
3079048007,41.3200572,45.2713647,Soyuqbulaq Stansiyası,,station,
3079050537,41.0024695,49.1938169,Siyəzən,,station,
3079057350,40.1658799,49.4624134,Sǝngǝçal Stansiyası,,station,
3079058854,39.94489,48.957718,Şirvan-Çeşidləmə,,station,
3079070338,41.2171237,49.0081696,Şabran Stansiyası,,station,
3079070807,41.2745958,45.357694,Salahlı Stansiyası,,station,
3079076165,40.0909094,49.4144282,Qobustan Stansiyası,Qobustan,station,
3079079997,41.0776368,49.1178891,Qızıl Burun Stansiyası,,station,
3079081485,39.3478459,48.7537171,Qırmızıkənd stansiyası,,station,
3079082949,39.9159618,49.0499727,Qara Günə,,station,
3079087038,40.24101,49.5953935,Qaradağ Stansiyası,,station,
3079641307,41.2313355,45.4431713,Poylu Stansiyası Ağstafa,,station,
3079818808,40.3175467,49.7275737,Lökbatan Stansiyası,,station,
3079873372,39.56246,47.6099634,Bəhmənli,,station,
3079878190,39.9765524,49.4084761,Baş Ələt Stansiyası,Bash - Alat,station,
3079897187,40.4462299,49.9464087,Sabunçu Stansiyası,,station,
3080700077,40.4127139,49.8737794,Keşlə stansiyası,,station,
3080705942,40.3132859,49.6995131,Puta Stansiyası,,station,
3080714560,40.3369065,49.7747597,Abşeron,,station,
3080722737,40.4395103,49.8460161,Binəqədi,,halt,
3082065179,40.7906507,49.4121604,Sitalçay Dəmiryol Stansiyası,,station,
3082113636,40.6966274,46.5720815,Dəliməmmədli Stansiyası,,station,
3082167111,40.6663542,46.7234907,Kürəkçay Stansiyası \ Borsunlu,,station,
3082181741,40.4902395,47.7907319,Bərgüşad stansiyası,,station,
3082734892,40.5526606,49.8280829,Goradil Stansiyası,,station,
3082747313,40.7138918,49.4741496,Yaşma Stansiyası,,station,
3082752077,40.8729282,49.3442275,Giləzi,,station,
3082759497,41.2951217,48.9218365,Sarvan stansiyası,,station,
3082760628,41.5667678,48.7266477,Qusarçay Stansiyası,,station,
3082761786,41.6930463,48.6236773,Ləcət,,station,
3082762146,41.3925595,48.8663798,Çarxı Stansiyası,,station,
3082835805,38.877173,46.002884,Ordubad,,station,
3082841257,38.912185,45.8472341,Aşağı Aza,,station,
3082845837,38.9766416,45.5154997,Dərəşam,,station,
3082852302,39.215565,45.2722532,Başbaşı,,station,
3082854957,39.4040469,45.0361338,Qıvraq,,station,
3082856348,39.2675492,45.1609149,Qarğalıq,,station,
3082864534,39.5501616,44.9815516,Sharur,,station,
3100665062,41.6123998,46.5375953,151 km,,stop_position,
3112772860,40.3806556,49.8472962,Nikola Tesla parkı,,bus_stop,
3112820130,40.4011341,49.8683326,Təbriz küçəsi 170,,bus_stop,
3114746864,40.3961557,49.8702237,Heydər Əliyev Mərkəzi,Heydar Aliyev Center,bus_stop,
3115474580,40.4245545,49.8268199,Nəsimi metrosu 1,,bus_stop,
3115474582,40.4246607,49.8264016,Nəsimi stansiyası,,bus_stop,
3124636134,40.4028588,49.8070971,6,,subway_entrance,
3124636137,40.4031861,49.8068833,7,,subway_entrance,
3124636144,40.4044122,49.806843,1,,subway_entrance,
3124636145,40.4048069,49.8078792,2,,subway_entrance,
3131687715,40.3750624,49.8463636,Rəşid Behbudov adına Mahnı Teatrı,State Song Theatre named after Rashid Behbudov,bus_stop,
3174407381,40.4183946,49.8104598,267 saylı məktəb,,bus_stop,
3174474629,40.4125194,49.8088019,211 nömrəli tam orta məktəb,,bus_stop,
3174474630,40.4126234,49.8086508,240 nömrəli tam orta məktəb,,bus_stop,
3203970657,40.3616142,49.9464372,,,bus_stop,
3211382633,40.4838724,50.1257419,Mərdəkan yolu 151,,bus_stop,
3211382641,40.4840493,50.1269516,Mərdəkan yolu 150,,bus_stop,
3223619164,40.7562126,47.0852624,Avtovağzal Mingəçevir,,bus_station,
3247372814,41.7189006,46.416061,,,bus_stop,
3247372847,41.7189907,46.4162824,,,bus_station,
3247374201,41.7056522,46.4251764,,,bus_station,
3247374206,41.7059164,46.4253172,,,bus_station,
3247399545,40.3720708,49.9534022,Həzi Aslanov m/st,,bus_stop,
3247400457,41.6873722,46.3638886,,,bus_stop,
3247403208,41.6858062,46.3551386,,,bus_stop,
3247403262,41.6955262,46.3714206,,,bus_stop,
3247404476,41.6811632,46.3389788,,,bus_stop,
3247404481,41.6748876,46.3528075,,,bus_stop,
3247406021,41.6716934,46.3259943,,,bus_stop,
3247407281,41.72167,46.3954207,,,bus_stop,
3250397890,41.7000613,46.377462,,,bus_stop,
3330582813,40.3969764,49.9531822,3,,subway_entrance,
3374799262,40.4882698,49.9592119,Zabrat 2 Stansiyası,,station,
3395123088,40.2622677,49.6516411,"Salyan şosesi, 83А, Qaradağ, Qaradağ",,bus_stop,
3406819435,40.5216565,50.0991698,,,bus_stop,
3440412442,40.4276357,50.0400658,Yeni Suraxanı Stansiyası,,station,
3440608684,40.4178153,50.0077257,Suraxanı Dəmiryol Stansiyası,,station,
3453823957,41.7253002,46.4094369,,,bus_stop,
3517225430,40.4241762,49.9980709,Suraxanı Stansiyası,,station,
3528112734,39.9752539,49.4077551,"Şonqar, Qaradağ",,bus_stop,
3528121751,39.9706926,49.4067978,,,bus_stop,
3528124745,39.9555636,49.4043974,"Ələt, Qaradağ",,bus_stop,
3528289210,40.2403949,49.5957964,Dayanacaq Qaradağ Stansiyası,,bus_stop,
3528320797,39.9501493,49.4033155,"Ələt, Qaradağ",,bus_stop,
3528334645,40.0502322,49.4179015,"Salyan yolu, massiv 5, Qobustan, Qaradağ",,bus_stop,
3528335024,39.9472861,49.4011599,"Ələt, Qaradağ",,bus_stop,
3528335363,40.2505025,49.6182652,Qaradağ Qızıldaş,,bus_stop,
3528335377,40.3087646,49.8197659,Bibiheybət Məscidi,,bus_stop,
3528335388,40.3201229,49.8190452,Nemanzadə küç,,bus_stop,
3528335400,39.9488411,49.4020325,,,bus_stop,
3528337566,40.0884221,49.4159426,"Qobustan, Qaradağ",,bus_stop,
3528339338,40.0010087,49.4292846,"Şıxlar, Qaradağ",,bus_stop,
3528340628,40.0165765,49.4261641,"Şıxlar, Qaradağ",,bus_stop,
3528340629,40.0164191,49.4256598,"Şıxlar, Qaradağ",,bus_stop,
3528340637,40.0244646,49.4236571,Qobustan Massiv 7,,bus_stop,
3528340929,40.0421374,49.4200251,"Salyan yolu, massiv 5, Qobustan, Qaradağ",,bus_stop,
3528341205,40.0462811,49.4189315,"Salyan yolu, massiv 5, Qobustan, Qaradağ",,bus_stop,
3528343208,40.0538171,49.4170559,"Salyan yolu, massiv 5, Qobustan, Qaradağ",,bus_stop,
3528344950,40.0579029,49.4160975,"Salyan yolu, massiv 5, Qobustan, Qaradağ",,bus_stop,
3528346884,40.0628565,49.4147974,"Salyan yolu, massiv 5, Qobustan, Qaradağ",,bus_stop,
3528347264,40.0831297,49.414452,,,bus_stop,
3528349952,40.076915,49.412087,"Salyan şosesi, 56",,bus_stop,
3528350000,40.0675474,49.413712,"Salyan keçidi, massiv 4, Qobustan, Qaradağ",,bus_stop,
3528350070,40.0854783,49.4152406,"Qobustan, Qaradağ",,bus_stop,
3528350310,40.0774404,49.4114997,"Qobustan, Qaradağ",,bus_stop,
3528350426,40.0834471,49.4137644,"Salyan yolu, 17, Qobustan, Qaradağ",,bus_stop,
3528353703,40.1149351,49.4332926,"Qobustan, Qaradağ",,bus_stop,
3528354293,40.1074328,49.4278216,,,bus_stop,
3528357513,40.1330446,49.4447941,"Səngəçal, Qaradağ",,bus_stop,
3528357518,40.1380252,49.4474184,"Səngəçal, Qaradağ",,bus_stop,
3528361250,40.1637261,49.4640083,Səngəçal dayanacaq,,bus_stop,
3528363621,40.1581908,49.461968,Səngəçal Terminal,,bus_stop,
3528367378,40.1726398,49.4712567,"Çeyildağ yolu, Səngəçal, Qaradağ",,bus_stop,
3528372383,40.2207346,49.5629133,Qaradağ Sement,,bus_stop,
3528373995,40.2211074,49.5626599,Qaradağ Sement,,bus_stop,
3528376636,40.224603,49.5669961,"Sahil, Qaradağ",,bus_stop,
3528377732,40.2303787,49.5764873,Dayanacaq Sahil qəsəbəsi,,bus_stop,
3528379691,40.2280172,49.571979,"Sahil, Qaradağ",,bus_stop,
3528379735,40.2394957,49.5949553,Dayanacaq Qaradağ Stansiyası,,bus_stop,
3528380815,40.2318516,49.5803697,"Sahil, Qaradağ",,bus_stop,
3528384648,40.3379192,49.8306956,Yeni şəhər yaşayış kompleksi;Gömrük idarəsi,,bus_stop,
3528385885,40.2625575,49.6509256,Qaradağ Gips Zavodu,,bus_stop,
3528390892,40.2801517,49.6858153,"Qaradağ, Qaradağ",,bus_stop,
3528393374,40.2683548,49.6680059,"Qaradağ, Qaradağ",,bus_stop,
3528393459,40.2758451,49.6793763,"Qaradağ, Qaradağ",,bus_stop,
3528398406,40.2813365,49.687411,"Puta, Qaradağ",,bus_stop,
3528398491,40.2838458,49.7274001,Dayanacaq Qaradağ,,bus_stop,
3528400954,40.2841807,49.7275285,Dayanacaq Qaradağ,,bus_stop,
3528402833,40.3083362,49.8201092,Bibiheybət Məscidi,,bus_stop,
3528404110,40.3209009,49.8189557,Nemanzadə küç,,bus_stop,
3528404479,40.3297695,49.8184739,20-ci Sahə dairəsi,,bus_stop,
3528404701,40.3298916,49.8191639,20-ci Sahə dairəsi,,bus_stop,
3528407129,40.3461317,49.8410406,Dövlət Bayrağı Meydanı,National Flag Square,bus_stop,
3528407493,40.3335939,49.8203755,23 saylı poçt şöbəsi,,bus_stop,
3528407494,40.3341341,49.8204741,Bibiheybət yolu - A. İsmayılov küçəsi,,bus_stop,
3528408193,40.3381317,49.830576,Boulevard Residence,,bus_stop,
3528408299,40.3390827,49.8349598,Bayıl dairəsi,,bus_stop,
3528408812,40.3415762,49.8391077,Səbail meydanı,,bus_stop,
3528411099,40.3450226,49.8382741,5 saylı doğum evi,,bus_stop,
3528415089,40.3529979,49.8346014,Bakı müşahidə çarxı,Baku Ferris Wheel,bus_stop,
3528415686,40.3587038,49.8343093,Əl oyunları sarayı,Baku Sports Palace,bus_stop,
3528415870,40.3585487,49.8345485,Əl oyunları sarayı,Baku Sports Palace,bus_stop,
3528415891,40.3618189,49.8348136,Azneft meydanı,Azneft Square,bus_stop,
3528416593,40.3617983,49.8352451,Beynəlxalq Muğam Mərkəzi,International Mugham Center,bus_stop,
3528416858,40.3674776,49.8394173,Kukla teatrı,Puppet Theatre,bus_stop,
3528419167,40.3703161,49.8463031,Sahil metrosu,Sahil metro station,bus_stop,
3528419510,40.3735315,49.8505162,Hökumət Evi,Government House,bus_stop,
3532696464,40.4315521,49.9540048,Bakıxanov Stansiyası,,station,
3537386606,40.4266748,49.9276852,Penitensiar Xidmətin Avtonəqliyyat Təsərrüfatı,,bus_station,
3576383753,40.4193413,49.9196451,Koroğlu,,stop_position,
3597243078,39.8236426,46.7667864,Səməd bəy Mehmandarov küçəsi,,bus_stop,
3605170481,40.4906513,49.7542023,525,,bus_stop,
3605186988,40.4899577,49.7564061,525,525,bus_stop,
3610932316,40.4255901,49.8600966,Dərnəgül m/st (88),,bus_stop,
3610932317,40.4248354,49.8615511,Dərnəgül m/st,,bus_stop,
3611321763,39.8113352,46.7558352,,,stop_position,
3622886022,40.4217094,49.916581,4,,subway_entrance,
3622969582,40.4202652,49.9178076,1,,subway_entrance,
3622970206,40.4215044,49.9164762,3,,subway_entrance,
3628495395,39.8268117,46.7565973,,,bus_stop,
3628495396,39.8273992,46.7568749,,,bus_stop,
3639372141,40.3787558,49.8792652,2 saylı ASAN xidmət mərkəzi,,bus_stop,
3643810722,39.8287573,46.7613247,,,bus_stop,
3696588950,40.3792485,49.8299942,,,subway_entrance,
3700114414,39.8122118,46.7641746,,,stop_position,
3700710072,39.8261777,46.7654097,Koltsevoy,,stop_position,
3704768300,39.8122583,46.764247,,,stop_position,
3709945528,41.5195674,46.6410774,Naib Bulaq,,halt,
3709948483,41.3190762,46.8702971,Qax Stansiyası,,station,
3709955998,40.4367969,49.8283693,Depo,,halt,
3750537775,40.5333792,49.7840989,"985, 123, 35",,bus_stop,
3750537776,40.5330001,49.7799981,"123, 35",,bus_stop,
3750537777,40.5356101,49.7828564,"123, 35, 985",,bus_stop,
3751392373,40.4597745,49.7559514,,,bus_stop,
3761662562,40.4225131,49.7971462,1,,subway_entrance,
3763809709,40.5917051,46.3209842,Göygöl Avtovağzal,Goygol Central Bus Station,bus_station,
3782252457,39.8013624,46.7394006,Baş Meydan,,bus_stop,18
3893014099,39.4954927,45.020247,Taşarkh,,station,
3893015328,38.8765053,45.9183704,Dəstə,,station,
3893018301,39.4468159,45.0204375,Pussiani,,halt,
3893018487,38.9335979,45.7432565,Yaycı,,station,
3894831090,40.4185394,48.6047837,Çöl Göylər Stansiyası,,station,
3894836010,40.6383846,46.2355105,Qızılca Stansiyası,,station,
3894839835,40.5631119,46.1719939,Bayan Stansiyası,,station,
3894841587,40.5458029,46.1192634,Quşçu Stansiyası,,station,
3895056536,40.4449572,50.0841966,Binǝ Stansiyası,,station,
3895076735,40.3916014,50.2841404,Zirə Stansiyası,,station,
3896343824,40.4148938,49.8903205,,,subway_entrance,
3896343827,40.4144103,49.8904558,,,subway_entrance,
3896778915,40.414963,49.8914348,Ulduz,Ulduz,stop_position,
3896796460,40.4152297,49.8927952,Ulduz Metro,,bus_stop,
3910231016,40.4869667,50.1647089,Avtovağzal Mərdəkan,,bus_station,
3950438053,40.3805137,49.8498448,Bakı Dəmiryol Stansiyası,Baku Central Railway Station,station,
3959999530,40.4141669,49.8463608,Ayna Sultanova parkı,,bus_stop,
3960019487,40.4140426,49.8454549,Bakı Şəhər Regional Miqrasiya İdarəsi,,bus_stop,
3960022958,40.4161786,49.8489958,,,bus_stop,
3960022968,40.4165805,49.8486748,Ağasadıq Gəraybəyli küçəsi 39,,bus_stop,
3960028532,40.4392678,49.961547,Heydər Əliyev prospekti 276,,bus_stop,
3960031834,40.4394265,49.9358906,Sabunçu yol qovşağı,,bus_stop,
3960034803,40.4423854,49.9930884,Heydər Əliyev prospekti 332,,bus_stop,
3960035057,40.4397282,49.9614029,Yeni Ramana yolu 2,,bus_stop,
3960035974,40.4401694,49.9859868,Bülbülə bələdiyyəsi,,bus_stop,
3960037826,40.4360558,50.0315503,Bakı Ekspo Mərkəzi,Baku Expo Center,bus_stop,
3960040557,40.4365066,50.031408,Bakı Ekspo Mərkəzi,Baku Expo Center,bus_stop,
3960046392,40.4670597,50.0923114,Mərdəkan yolu 85,,bus_stop,
3960047656,40.46696,50.0932228,Mərdəkan yolu 82,,bus_stop,
3963704035,38.8770691,46.0751337,Salamalik,,station,
3963722257,39.6268598,44.8872381,Sədərək,,station,
3966409998,39.0874033,48.7035993,111 km,,station,
3966870262,40.3908723,49.8558053,177 nömrəli tam orta məktəb,,bus_stop,
3977804545,40.3681398,49.9402473,38 nömrəli şəhər poliklinika,,bus_stop,
3977804547,40.3697561,49.9383362,Ramiz Quliyev küçəsi 9,,bus_stop,
3977808814,40.3679098,49.9396815,38 nömrəli şəhər poliklinikası,,bus_stop,
3977810459,40.3723373,49.9406532,Respublika Neyrocərrahiyyə Xəstəxanası,,bus_stop,
3977812055,40.366202,49.9432297,4 nömrəli uşaq poliklinikası,Khatai District Police Station,bus_stop,
4039717678,40.4008406,49.8515101,4,,subway_entrance,
4039717792,40.4012991,49.8521526,5,,subway_entrance,
4076882132,40.3615284,49.947078,Gənclik parkı,,bus_stop,
4076886321,40.3656261,49.9443301,4 nömrəli uşaq poliklinikası,Khatai District Police Station,bus_stop,
4076886669,40.3639523,49.9458603,63 nömrəli tam orta mәktәb,Zigh Highway,bus_stop,
4087168091,40.5042974,49.6633203,№6,,halt,
4087191634,41.3122779,48.9057535,2515 Km,,halt,
4087192370,41.3508464,48.888474,2511 Km,,halt,
4087193759,41.5354787,48.7555435,2487 Km,,halt,
4125719691,39.2058256,45.4244723,,,bus_stop,
4125719692,39.1942435,45.4227511,,,bus_stop,
4125759989,39.2057323,45.4244283,,,bus_stop,
4126656496,40.3779253,49.9686785,264 saylı mәktәb,,bus_stop,
4126656791,40.4106848,49.9443673,Neftçilər m/st,,bus_stop,
4126661390,40.3781766,49.9689611,"46, 40",,bus_stop,
4126683789,40.3755982,49.9648001,Əliağa Şıxlinski küçəsi 149,,bus_stop,
4130102790,40.4116708,49.8034072,Moskva prospekti 254,,bus_stop,"2,13,14,20,37,67,83,96,102,114,119,199"
4130122390,40.4121435,49.8044616,134 saylı poçt şöbəsi,,bus_stop,
4161594118,40.4106807,49.8139435,Memar Əcəmi,Memar Ajami,stop_position,
4162457495,40.4252862,49.8417887,Azadlıq prospekti m/st,,bus_stop,
4163810189,40.3795476,49.8509615,28 May D,,bus_stop,
4163810489,40.4215016,49.9166164,Airport express,,bus_stop,
4168101302,40.4217963,49.7960711,2,,subway_entrance,
4168101308,40.4216755,49.7949405,3,,subway_entrance,
4168101316,40.4202908,49.7955291,8,,subway_entrance,
4168101318,40.4204203,49.7959109,5,,subway_entrance,
4168101319,40.421508,49.7952155,Avtovağzal,,station,
4168101322,40.4186982,49.7976211,7,,subway_entrance,
4168101324,40.4195807,49.7973676,6,,subway_entrance,
4201938489,40.5625106,50.0300471,elnur,,bus_stop,
4220275608,40.4205543,49.7999279,,,bus_stop,
4220275610,40.4200968,49.8023741,,,bus_stop,
4220275611,40.4210961,49.8042738,Avtomobil Yolları Dövlət Agentliyi,,bus_stop,
4220275613,40.4235056,49.80543,Xurşidbanu Natəvan küçəsi 92,,bus_stop,
4220275614,40.4238126,49.8048078,Xurşidbanu Natəvan küçəsi 99A,,bus_stop,
4220275615,40.4264432,49.8061587,X.Natəvan küç. ilə Səttarxan küç. kəsişməsi,,bus_stop,
4229081407,40.3862025,49.9748457,Qartal heykәli,,bus_stop,
4246681897,40.414966,49.8358093,Binəqədi Rayon Dövlət Əmək Müfəttişliyi Xidməti,,bus_stop,
4246682294,40.4154611,49.8358674,Siyasi Sənədlər Arxivi idarəsi,,bus_stop,
4253360566,40.3833288,49.9742663,,,bus_stop,
4269472777,41.3244417,48.5617098,,,bus_stop,
4269472778,41.3250359,48.5593146,,,bus_stop,
4269472779,41.3241396,48.5627746,,,bus_stop,
4269504170,40.3750801,49.8122675,1,,subway_entrance,
4269504171,40.3753056,49.8118242,3,,subway_entrance,
4281017190,40.5541632,47.1788129,Köhnə Ağcabədi yolu,,bus_stop,
4308352686,40.3893842,49.8394798,5 nömrəli Şəhər Poliklinikası,,bus_stop,
4308560795,40.6816155,46.3607407,,"Bus Stop (1, 4 , 6 , 7 , 20 , 23 , 29 , 31 )",bus_stop,
4308560796,40.6818126,46.3615866,,,bus_stop,
4308676496,40.6783812,46.3571747,"Bus #4, #7",,bus_stop,
4308676591,40.6814626,46.3587893,Bus #4,,bus_stop,
4308676596,40.6795273,46.3684725,,,bus_stop,
4308739989,40.6821918,46.3591152,,,bus_stop,
4308740589,40.6805088,46.360828,,,bus_stop,
4308792491,40.6892422,46.3371867,Bus #4,,bus_stop,
4312301392,41.4310187,48.4415556,Avtovağzal Qusar,,bus_station,
4316691889,40.4612016,49.629986,4 yol,,bus_stop,
4317178402,39.970242,48.9440135,,,bus_stop,
4317238289,39.9578848,48.9384748,Şirvan bus stop,,bus_stop,
4321292589,40.3731268,49.844455,,,bus_stop,
4324820904,39.8186015,46.7493952,Mərkəz dayanacaq,,bus_stop,
4324820905,39.8185357,46.7491564,Xankəndi Milli Məclisi,,bus_stop,
4324820906,39.8212008,46.7508293,Xankəndi Stadionu,,bus_stop,
4324820907,39.8211544,46.7506471,Xankəndi Stadionu,,bus_stop,
4324820908,39.8243038,46.7523839,,,bus_stop,
4330598102,41.2102927,47.178744,Dayanacaq: Kombinat,,bus_stop,
4333252493,40.3825612,49.8643575,2 saylı Şəhər Klinik Xəstəxanası,,bus_station,
4333292189,40.395836,49.8707164,Azərbaycan Dövlət Rəssamlıq Akademiyası,Academy of Fine Arts,bus_stop,
4367585895,40.4895108,50.1426589,Nizami adına Mədəniyyət Mərkəzi,,bus_stop,
4376977883,40.6807009,49.5003838,Çeşidləmə Stansiyası,,station,
4376977884,40.6719333,49.5074132,Depo \ Yaşma Bağları,,station,
4377016229,38.5931248,48.871404,172 km,,halt,
4377021233,39.896605,48.1270161,116 km,,halt,
4377022158,39.5884605,47.660137,172 km,,halt,
4377022958,39.5547445,47.5923084,178 km,,halt,
4377023190,39.5401004,47.5583746,182 km,,halt,
4377024138,39.5147124,47.4999049,187 km,,halt,
4377028279,39.4814928,47.3863766,194 km,,halt,
4377028280,39.4662612,47.36033,198 km,,halt,
4382302889,39.7867127,47.6003185,,,bus_station,
4394858791,40.5024261,46.8303216,,,bus_station,
4395621789,40.6412683,46.3651264,,Avtozavod qesebesi binalar,bus_stop,
4396774992,40.3242731,49.8180618,Muxtarov,,bus_station,
4402196690,40.3145871,49.7261351,,,bus_station,
4408572305,40.4860564,50.1306104,Şağan Olimpiya İdman Kompleksi,,bus_stop,
4408572306,40.4877296,50.1571954,Dendrologiya İnstitutu,,bus_stop,
4408607614,40.4878124,50.136736,Sergey Yesenin küçəsi 35,,bus_stop,
4408609793,40.4849437,50.1847823,Almas İldırım küçəsi 72,,bus_stop,
4408609993,40.4850835,50.1850059,Şüvәlan parkı,,bus_stop,
4408614492,40.4217879,49.962019,Səməd bəy Mehmandarov küçəsi 199,,bus_stop,
4408632990,40.4876824,50.1370353,Sergey Yesenin küçəsi 56,,bus_stop,
4408632991,40.4879332,50.1565265,Dendrologiya İnstitutu,,bus_stop,
4409084793,40.4851803,50.1762302,7 saylı notariat ofisi,,bus_stop,
4409127892,40.4847682,50.1814963,237 nömrəli tam orta məktəb,,bus_stop,
4410311892,40.1717413,46.1979856,Kəlbəcər,Kalbajar,bus_stop,
4423203089,40.3779542,49.8517839,Muğan bağı,,bus_stop,
4423993595,40.3992208,49.8510701,Gənclik m/st (M8),,bus_stop,
4424549427,40.4274748,49.9486412,ARDNŞ Geofizika vә Geologiya İdarәsi,SOCAR Geofizika Geolokasiya,bus_stop,
4424828102,40.3803808,49.8312621,Nizami m/st,Nizami m/st,bus_stop,
4426782592,40.3940159,49.8201603,Tbilisi pr. - Azər Əliyev küç. ilə kəs.,,bus_stop,
4426849791,41.3642784,48.5557179,,,bus_stop,
4427541290,40.3827943,49.8467435,28 May 2-ci çıxış,28 May 2nd entrance,subway_entrance,
4427688091,40.3765636,49.8322247,Xarici İşlər Nazirliyi,,bus_stop,
4427692791,39.9822783,48.2817212,,,bus_station,
4427698094,40.3519789,49.834054,,,bus_stop,
4432851308,40.9491075,47.8230438,,,bus_stop,
4432852195,40.9348777,47.955068,Vedrə Bazarı,,bus_stop,
4432888691,40.949219,47.8226545,,,bus_stop,
4434330195,41.1750854,47.1685192,,,bus_stop,
4434330196,41.1777172,47.1685541,,,bus_stop,
4434356993,41.1753945,47.1680818,,,bus_stop,
4434356994,41.180358,47.169579,,,bus_stop,
4434356998,41.1848262,47.1694879,,,bus_stop,
4434357692,41.1829779,47.1704315,,,bus_stop,
4434357896,41.1677802,47.1674032,,,bus_stop,
4434357897,41.1777846,47.1687322,,,bus_stop,
4434357898,41.1802629,47.1692134,,,bus_stop,
4434387489,41.1618238,47.1641474,,,bus_stop,
4434387492,41.1733174,47.1681478,,,bus_stop,
4434725690,41.2021202,47.1801661,,,bus_stop,
4434812494,40.3993326,49.8752709,Bakı Uşaq Bərpa Mərkəzi,,bus_stop,
4435991193,41.2195933,47.178528,,,bus_stop,
4436105092,41.2100516,47.1784717,,,bus_stop,
4437881292,40.9347761,47.8101096,,,bus_stop,
4437882090,41.0164634,47.4541749,,,bus_stop,
4437882094,40.7284722,48.3696349,,,bus_stop,
4437883489,40.7186793,48.3500638,,,bus_stop,
4446636386,40.4020623,49.8696558,1,,subway_entrance,
4446636387,40.4024671,49.868967,2,,subway_entrance,
4464632490,40.6829804,46.4065978,Yeni Yevlax  avtovoğzalı,Yevlax yeni avtovoğzal - main bus station,bus_station,
4471885690,40.3767668,49.9810813,,,bus_stop,
4491247273,40.3955492,49.8179661,Tbilisi prospekti 34,Tbilisi Avenue 34,bus_stop,
4496777091,40.4197149,49.9714829,,,bus_stop,
4513274290,40.4047884,49.8599438,,,bus_stop,
4513279592,40.4617394,49.7798519,,,bus_stop,
4513286494,40.4044196,49.8594723,City Clinic Hospital №5,,bus_stop,
4513747794,40.4043925,49.8058073,20 Yanvar m/st (M. Həsənov küç),,bus_stop,
4513747795,40.4177332,49.7964129,"67,83,117 Avtovağzal Bakı",,bus_stop,
4513827489,40.4120837,49.8148153,Memar Əcəmi m/st (Cavadxan küç.),,bus_stop,
4513827589,40.4107853,49.8029369,Alov zavodu,,bus_stop,
4513842289,40.4042198,49.8089262,20 Yanvar m/st (Velotrek),,bus_stop,
4515433389,40.3950267,49.8388286,42 nömrəli tam orta məktəb,,bus_stop,
4515437789,40.3976639,49.8270449,C. Məmmədquluzadə küç. 238,,bus_stop,
4515437889,40.3973166,49.8266268,Həsən Əliyev küçəsi 101,Hasan Aliyev str 101,bus_stop,
4517779592,40.3575153,49.8120255,Mərkəzi Nəbatat Bağı,,bus_stop,
4520419931,40.3975893,49.8285488,78 saylı poçt şöbəsi,,bus_stop,"6,13,61,83"
4536297897,40.3926703,49.9608479,,36.70.81,bus_stop,
4537155191,40.3927934,49.959266,,"36,70,81",bus_stop,
4537155192,40.391724,49.9577313,,40,bus_stop,
4537155193,40.3927099,49.9654886,,"70,81",bus_stop,
4537155194,40.3863328,49.9600364,Sarayevo küçəsi 186,Sarajevo Street 186,bus_stop,
4537168689,40.3900437,49.9618813,,36,bus_stop,
4539799193,40.4070224,49.9556278,Cəmşid Naxçıvanski küçəsi 424,Jamshid Nakhchivanski street 424,bus_stop,
4539799194,40.4084849,49.9581053,,30,bus_stop,
4539805691,40.442158,49.7728607,,,bus_stop,
4539806391,40.4769783,49.7257086,Bakı Mühəndislik Universiteti,Baku Engineering University,bus_stop,
4539806392,40.4059742,49.9473147,"20,103,141,214",,bus_stop,
4539806590,40.4048653,49.95628,251 nömrəli tam orta məktəb,,bus_stop,
4539806591,40.4486805,49.7853527,202,,bus_stop,
4539807490,40.4080377,49.9569193,Cəmşid Naxçıvanski küçəsi 520,Jamshid Nakhchivanski street 520,bus_stop,
4539817991,40.4421974,49.771556,Xırdalan dairəsi,,bus_stop,
4539826889,40.4214154,49.7997258,,,bus_stop,
4539826989,40.4060968,49.9598975,,30,bus_stop,
4539826990,40.4094043,49.9560651,,,bus_stop,
4541201622,40.3974183,49.7916248,Məhəmməd Xiyabani küçəsi 92,,bus_stop,
4550706706,40.3823792,49.9649805,Neapol dairəsi,,bus_stop,
4554377794,40.3794587,49.8489534,28 May E,,bus_stop,
4554400191,40.3962799,49.8218204,Həsən Əliyev küçəsi 55,Chemists Village,bus_stop,
4554483490,40.3791968,49.8525914,Səməd Vurğun bağı 2,,bus_stop,
4554483491,40.3963161,49.822814,Həsən Əliyev küçəsi 40,,bus_stop,"6,13,61,83"
4554547889,40.3793086,49.8454135,28 Mall ticarət mərkəzi,28 Mall shopping center,bus_stop,
4562408493,40.3803941,49.8145301,Ə. Haqverdiyev küçəsi 25,,bus_stop,
4568209104,40.4881998,49.9593374,Zabrat-2,,stop_position,
4568248322,40.5530566,49.8877291,Pirşağı,,stop_position,
4568840293,40.4052848,49.8149373,Ceyhun Səlimov küçəsi 50,,bus_stop,
4569055990,41.0608402,47.463026,Oğuz Avtovağzalı,,bus_stop,
4572830690,40.4007159,49.8425114,4 saylı uşaq bağçası,Azneftkimyamash,bus_stop,"1,4,13"
4572830789,40.401235,49.8436262,71 saylı uşaq bağçası,Azneftkimyamash,bus_stop,"1,13"
4588992589,40.5042529,49.8435357,Mehdiabad göl,,bus_stop,
4593280991,40.4193432,49.8122791,Mir Cəlal 276,,bus_stop,
4595155621,41.7628705,48.5807908,Yalama,Yalama,station,
4599074689,40.4394419,49.972188,,,bus_stop,
4601731324,40.4895795,49.7592437,,,bus_stop,
4601731340,40.4104241,49.8151833,3,,subway_entrance,
4601731341,40.4118212,49.8149459,2,,subway_entrance,
4601731342,40.4034532,49.8710179,3,,subway_entrance,
4614382292,40.4034033,49.9819403,,66,bus_stop,
4614382594,40.413239,49.9676149,284 saylı uşaq bağçası,,bus_stop,
4614382793,40.3934478,49.9726359,Neftçilər Parkı,,bus_stop,
4614427789,40.4013348,49.9837533,,81,bus_stop,
4614427889,40.4019184,49.9727585,Qaraçuxur Məscidi,,bus_stop,
4614427891,40.4016044,49.9788395,,66,bus_stop,
4615962589,40.3199924,49.8039512,31 marşrutun son dayanacağı,,bus_stop,
4617240389,40.4144514,49.8051223,İxtisarasalınma və yenidənhazırlanma institutu,,bus_stop,
4643611890,40.40683,49.8137794,S.C.Pişəvəri küçəsi 27,S.J.Pishevari street 27,bus_stop,
4646705989,40.4015759,49.8215822,8 Noyabr m/st,,bus_stop,
4646706290,40.4029717,49.8184422,Nəsimi Rayon Məhkəməsi,Nasimi District Court,bus_stop,
4658539491,40.4054362,49.8138975,,,bus_station,
4658539789,40.4030082,49.8190436,,Alatava körpüsü,bus_station,
4658629793,40.3862633,49.9651049,,81,bus_stop,
4658653989,40.3840357,49.9646862,,81,bus_stop,
4665880490,40.4044179,49.8063416,20 Yanvar m/st (Azərsu),,bus_stop,
4682025090,40.4335337,49.783841,Bakı-Sumqayıt şosesi YDM,,bus_stop,
4682032291,40.4339216,49.7826811,Xırdalan dairəsi,,bus_stop,
4682055392,40.4069843,49.8140384,S.C.Pişəvəri küç. 3-cü mkr. dairəsi,,bus_stop,
4686323199,40.5491782,49.6934552,10 nomrənin dayanacağı,,bus_stop,
4690233789,40.4389599,49.7764554,,,bus_stop,
4692245590,40.4026858,49.8083927,20 Yanvar m/st (Tbilisi pr.),Aztelecom,bus_stop,
4692426306,40.4107965,49.8151767,Memar Əcəmi m/st,Memar Ajami m/st,bus_stop,
4692446889,40.441096,49.7853452,Dərbəndqala küç. 84A,,bus_stop,
4707711989,40.3933807,49.8344917,Qarayev adına 2 nömrəli Uşaq Xəstəxanası,,bus_stop,
4714567091,40.3824577,49.8224216,Dövlət Statistika Komitəsi,State Statistics Committee,bus_stop,
4714597689,40.3798471,49.8200589,Mədəniyyət və İncəsənət Universiteti,,bus_stop,
4714597789,40.3797505,49.8214243,12 saylı notariat ofisi,,bus_stop,
4714597790,40.3848783,49.8239048,54 saylı uşaq bağçası,,bus_stop,
4714598089,40.385209,49.8237796,İzmir parkı,,bus_stop,
4714598289,40.3754714,49.8146945,Elmlər Akademiyası m/st (B. Vahabzadə küç.),,bus_stop,
4714598290,40.3840751,49.8138012,,,bus_stop,
4728773417,40.4169236,49.9379004,145 nömrəli tam orta məktəb,,bus_stop,
4728773609,40.417439,49.9354427,Qara Qarayev m/st,Nizami Polis Idaresi,bus_stop,
4728773724,40.4171228,49.935494,Qara Qarayev m/st,,bus_stop,
4742077423,40.4154053,49.9392388,Nizami rayon qeydiyyat şöbəsi,,bus_stop,
4746560764,39.8171175,46.7529846,,,bus_stop,
4749747762,40.403032,49.8705902,N. Nərimanov m/st (Təbriz küç.),,bus_stop,
4749747763,40.3983568,49.8650076,Bakı Konqress Mərkəzi,Baku Convention Center,bus_stop,
4749747764,40.3967979,49.8626894,Bakı İdarəetmə və Texnologiya Kolleci,,bus_stop,
4750857690,40.7686177,47.0450769,5,,bus_station,
4750893061,40.7648869,47.0458449,5,,bus_station,
4750893062,40.7651308,47.0458249,12,,bus_station,
4750893063,40.7650972,47.0455769,4,,bus_station,
4750893064,40.7634585,47.0460833,4,,bus_station,
4750893065,40.7630642,47.0458001,5,,bus_station,
4755799844,39.8113011,46.7559222,,,bus_stop,
4756047121,40.4006476,49.8673389,Təbriz küçəsi 141,,bus_stop,
4786121408,40.6691967,46.3642023,,,bus_stop,
4786122928,40.6418614,46.3404415,,,bus_station,
4788046881,40.6719094,46.3602106,,"Bus Stop (4 , 23 , 17 )",bus_stop,
4788046882,40.6721864,46.3584591,,,bus_stop,
4788064880,40.6821007,46.3909409,,,bus_stop,
4788067257,40.6839285,46.3964842,,,bus_stop,
4788067489,40.6768978,46.3721599,,,bus_stop,
4788067491,40.6772043,46.3767982,,,bus_stop,
4788067492,40.6794129,46.3840408,,,bus_stop,
4788067493,40.6803897,46.3865004,,,bus_stop,
4788067496,40.6842544,46.403114,,,bus_stop,
4789968324,38.7528584,48.847443,,Minibus to Astara,bus_stop,
4796131422,40.4002467,49.8779728,Heydər Əliyev prospekti 60,,bus_stop,
4799771721,40.5641917,49.7089215,,,bus_stop,
4799771921,40.5644289,49.7071654,,,bus_stop,
4799772121,40.5642377,49.7070808,,,bus_stop,
4799886825,40.4001505,49.8385442,47 saylı məktəb,,bus_stop,
4799886827,40.3974225,49.8434112,3 nömrəli Bakı Peşə Məktəbi,,bus_stop,
4802437812,40.3772671,49.9104706,Y15,,station,
4802441983,40.3724161,49.9520678,Məhəmməd Hadi,,station,
4803004422,40.38262,49.8468486,28 May m/st (S. Ələsgərova küç),28 May station (S. Asgarova st),bus_stop,
4803004424,40.4187258,49.8450549,18 nömrəli Bakı Peşə Liseyi,,bus_stop,
4803004425,40.4052223,49.8683724,Fətəli xan Xoyski küçəsi 184,,bus_stop,
4803010821,40.3891316,49.8533724,Dəmir Yolu. Metropoliten Peşə Təhsil Mərkəzi,,bus_stop,
4803010921,40.3849828,49.8505819,Təbriz küçəsi 7,,bus_stop,
4803010922,40.3894316,49.8362695,Nəsimi Rayon İcra Hakimiyyəti,Nasimi executive power,bus_stop,
4803010923,40.4193538,49.8460074,Bakı Humanitar Kolleci,,bus_stop,
4803478922,40.4116267,49.8617566,Əhməd Rəcəbli küçəsi 191,,bus_stop,
4803485621,40.4058834,49.8666614,89 saylı uşaq bağçası,,bus_stop,
4803485622,40.3805893,49.8634276,Mərkəzi Neftçilər Xəstəxanası,,bus_stop,
4803485721,40.3883354,49.863326,Bakı Şəhər Baş Polis İdarəsi,,bus_stop,
4803485821,40.3825846,49.8638851,2 saylı Şəhər Klinik Xəstəxanası,,bus_stop,
4803485822,40.378387,49.8537779,Azәrbaycan Dәmir Yolları,,bus_stop,
4816482828,40.2297223,49.582502,16 nömrəli peşə liseyi,,bus_stop,
4816487421,40.2266544,49.5756416,,,bus_stop,
4819681640,39.8171928,46.753083,Şəhidlər Parkı,,stop_position,
4820676721,40.3787436,49.8652637,Respublika Perinatal Mərkəzi,,bus_stop,
4826403023,41.6229215,48.6867834,Avtovağzal Xudat,,bus_station,
4851461696,40.3866632,49.8634381,Sevgi parkı,,bus_stop,
4860663059,40.4005373,49.8526637,6,,subway_entrance,
4903767824,39.1972279,45.4277301,,,bus_stop,
4903767825,39.2195837,45.4080021,,,bus_stop,
4903767826,39.2122444,45.4076251,,,bus_stop,
4903767827,39.2101944,45.4062378,,,bus_stop,
4903800921,39.2206566,45.4078638,,,bus_stop,
4903801021,39.2236114,45.4039529,,,bus_stop,
4903801221,39.2166124,45.4082343,,,bus_stop,
4903801222,39.2139479,45.4083657,,,bus_stop,
4903809123,39.2025832,45.4096139,,,bus_stop,
4903809621,39.2082326,45.4073566,,,bus_stop,
4904658421,39.2084186,45.4088666,,,bus_stop,
4904658422,39.1945898,45.409567,,,bus_stop,
4904658521,39.2125877,45.4060827,,,bus_stop,
4904658621,39.2149193,45.4063009,,,bus_stop,
4904658721,39.1935867,45.4088555,,,bus_stop,
4905789822,40.3650245,49.8311514,İçərişəhər m/st,Icerisheher m/st,bus_stop,
4907692021,39.1902871,45.4054296,,,bus_stop,
4920237330,40.2608914,47.0905691,Köçərli,,stop_position,
4920517222,39.8109984,46.7553514,,,bus_stop,
4920517228,39.8088583,46.7541752,,,bus_stop,
4923927139,40.3682166,47.1119392,Bərdə,,station,
4926474922,40.5662385,49.6861702,10 saylı mənzil istismar sahəsi,,bus_stop,
4926475021,40.5660717,49.6858487,10 saylı mənzil istismar sahəsi,,bus_stop,
4930187626,40.3854559,49.8377969,Əjdərbəy məscidi,Ajdarbey Mosque,bus_stop,
4930233752,39.8894802,49.223951,Xıdırlı Stansiyası,,station,
4930911821,40.5566742,49.8819556,,,bus_stop,
4930912022,39.3908013,48.3652138,,Chumshud Nabiev MNC,bus_stop,
4933662971,40.553927,47.426019,Ləki,,stop_position,
4936660542,41.0688444,47.1333094,,,stop_position,
4938783421,39.7866822,48.0394884,,,bus_stop,
4938783521,39.7865348,48.040276,,,bus_stop,
4942385422,38.7781625,48.8257329,,Lavangi Circle,bus_stop,
4945291521,41.6018676,46.6579638,Zaqatala Avtovağzal,Zaqatala Bus Station,bus_station,
4947005421,39.8297425,46.7589905,,,bus_stop,
4953592924,40.3796945,49.8508209,28 May C,,bus_stop,
4961802323,39.220782,45.411637,,,bus_stop,
4961804622,39.2063055,45.4095683,,,bus_stop,
4961804623,39.1905053,45.447071,,,bus_stop,
4967707682,39.8169657,46.7688551,,,bus_stop,
4994800822,41.3279005,45.0765829,,,bus_stop,
4997079523,40.4126001,49.9503955,Rüstəm Rüstəmov küçəsi 338,,bus_stop,
5003437823,40.3603953,49.9708642,40 son dayanacaq,,bus_stop,
5024318147,40.4105109,49.8135999,4,,subway_entrance,
5028728922,40.4740623,49.9487725,Zabrat Bәlәdiyyәsi,,bus_stop,
5028728923,40.478582,49.9505569,,,bus_stop,
5028732221,40.4420981,49.9338947,ARDNŞ Abşeron Neft Kәmәrlәri İdarәsi,,bus_stop,
5028732222,40.4584509,49.9391482,3. neft mәdәni,,bus_stop,
5028732521,40.4720133,49.94757,15 nömrәli peşә liseyi,,bus_stop,
5034943522,40.7970652,48.1652283,,Bus stop to Gabala,bus_stop,
5042666439,41.2917856,46.868075,Qazmalar,,bus_stop,
5043999222,40.4191269,49.9276976,12 nömrəli tam orta məktəb,,bus_stop,
5044811258,40.5719664,50.0389594,,Dayanacaq,bus_stop,
5044823627,40.5626169,50.0368132,172 Dayanacaq,,bus_stop,
5044823825,40.5581092,50.0284355,,Dayanacaq,bus_stop,
5044826823,40.5636727,50.0394448,172 Dayanacaq,,bus_stop,
5061881023,40.3639258,49.9454053,63 nömrəli tam orta mәktәb,Zigh Highway,bus_stop,
5066734824,40.577127,50.0409925,,Dayanacaq,bus_stop,
5066734826,40.5819797,50.0484995,,Dayanacaq,bus_stop,
5066736121,40.5880653,50.0472724,172 Dayanacaq,,bus_stop,
5068764123,40.5782648,50.0610082,171 172 Dayanacaq Kardioloji Bılgəh,,bus_stop,
5071551123,40.4179907,49.7977356,,Guba / Quba Bus,bus_stop,
5071551124,40.4176572,49.7966807,Gәncә Avtobusları,Ganja Bus,bus_stop,
5071559721,41.3714374,48.5529522,Quba Şəhər Avtovağzalı,Quba Bus Station,bus_station,
5076555921,40.4178044,49.7991777,Bakı Beynəlxalq Avtovağzal Kompleksi,,bus_stop,
5076594422,40.3696631,49.9385515,Ramiz Quliyev küçəsi 10,,bus_stop,
5076598022,40.3723371,49.9403885,Respublika Neyrocərrahiyyə Xəstəxanası,,bus_stop,
5079096722,40.9287097,47.8013737,Zaragan Taxi,,bus_stop,
5084218522,41.2017925,47.1669859,"Təzə Bazar Şəki / New Bazar Bus Stop ( 4,5,8,10,11,14,15,24 )",,bus_stop,
5091669225,41.2481241,47.1893546,Avtobus dayanacağı,Bus Stop,bus_stop,
5101061322,40.3839628,49.8529762,Xətai prospekti,,bus_stop,
5103517821,40.4481557,49.9884679,,,bus_stop,
5104645521,40.6976039,46.3671097,,"Bus Stop (2,9)",bus_stop,
5106817043,40.4200235,50.0027544,Səttar Bəhlulzadə adına park,"104, 113, 161, 191, 209, 213 bus",bus_stop,
5112524225,40.3073357,49.7979382,Salyan şos. yerüstü piyada keçidi,,bus_stop,
5112566022,40.3050702,49.7842469,FHN-nin xilasetmə xidməti,,bus_stop,
5113229822,38.7564867,48.8489778,,,bus_stop,
5113238821,38.7785275,48.8255821,,Lankaran Bus Station,bus_station,
5117862623,38.4452349,48.8756473,,Bus Station,bus_station,
5121790428,40.4022675,49.9551223,Bəhruz Nuriyev küçəsi 415,,bus_stop,
5158426525,40.3659091,49.8315484,,,subway_entrance,
5158432039,40.3719795,49.8440809,Sahil,,subway_entrance,
5159289295,40.3994425,49.8507216,2,,subway_entrance,
5159289296,40.3998468,49.8510925,1,,subway_entrance,
5160292901,40.4140085,49.8790127,,,subway_entrance,
5160292902,40.4142873,49.8789148,,,subway_entrance,
5160776207,40.4208874,49.9183037,5,,subway_entrance,
5160776212,40.4201396,49.9165062,2,,subway_entrance,
5160776213,40.4179716,49.9330341,3,,subway_entrance,
5160776214,40.417572,49.9329501,2,,subway_entrance,
5160776215,40.4176082,49.9356031,5,,subway_entrance,
5160776216,40.4171459,49.9353667,6,,subway_entrance,
5160825228,40.4114763,49.9417504,1,,subway_entrance,
5160901435,40.4116789,49.9425825,2,,subway_entrance,
5160901436,40.4104938,49.9435458,3,,subway_entrance,
5160901437,40.4102385,49.9428457,6,,subway_entrance,
5160901438,40.4100404,49.9438944,4,,subway_entrance,
5160901439,40.4097626,49.9431997,5,,subway_entrance,
5160988024,40.3984835,49.9521119,2,,subway_entrance,
5161084537,40.3859483,49.954192,2,,subway_entrance,
5161084538,40.3859518,49.9537237,1,,subway_entrance,
5161084539,40.3844673,49.9542305,3,,subway_entrance,
5161084540,40.3844636,49.9537241,4,,subway_entrance,
5161154451,40.3718597,49.953896,4,,subway_entrance,
5161154452,40.3718812,49.9533142,5,,subway_entrance,
5161154453,40.3739404,49.9538496,3,,subway_entrance,
5161154454,40.3739608,49.953458,2,,subway_entrance,
5161326967,40.3751916,49.8153575,5,,subway_entrance,
5162796046,40.4324448,49.804748,Biləcəri Qəsəbə Stansiyası,Bilajary,station,
5162809065,40.3979294,49.8925903,Keşlə Stansiyası,Keshla,station,
5163514299,40.3890392,49.8031174,3,,subway_entrance,
5163514300,40.3890059,49.8025903,4,,subway_entrance,
5163514301,40.3914584,49.802211,1,,subway_entrance,
5163514302,40.3913216,49.8027809,2,,subway_entrance,
5164565952,40.4107392,49.8136789,3,,subway_entrance,
5164565953,40.4120708,49.8150055,1,,subway_entrance,
5164628986,40.4244267,49.8264721,2,,subway_entrance,
5164628987,40.4248174,49.826452,1,,subway_entrance,
5164628989,40.4245165,49.8241284,4,,subway_entrance,
5164628990,40.4241358,49.8242119,3,,subway_entrance,
5165707428,40.4252757,49.8408179,3,,subway_entrance,
5165707429,40.425978,49.8428711,1,,subway_entrance,
5165707430,40.4252498,49.8427064,2,,subway_entrance,
5165707431,40.4256931,49.860733,4,,subway_entrance,
5165707432,40.4249672,49.8606579,3,,subway_entrance,
5165707433,40.4248287,49.8625923,2,,subway_entrance,
5165707434,40.4256389,49.8630008,1,,subway_entrance,
5170683684,40.4208256,49.7954542,4,,subway_entrance,
5176340622,40.4591235,50.075757,Mərdəkan prospekti Binə yolu ilə kəsişmə,,bus_stop,
5176407725,40.4586888,50.0759232,,,bus_stop,
5176407925,40.4603489,50.0769894,Mərdəkan prospekti Binə yolu ilə kəsişmə,,bus_stop,
5176498843,40.3798464,49.8485991,28 May mst,,stop_position,
5176498844,40.3798432,49.8486908,28 May,,stop_position,
5176509732,40.421318,49.7952372,Avtovağzal,,stop_position,
5188836356,40.3798619,49.8486359,28 May,,station,
5206652121,40.3226316,49.8223852,,Bus Stop Baki Ali Neft Məktəbi,bus_stop,
5206652221,40.3258268,49.8242922,6 nömrəli Bakı Peşə Məktəbi,,bus_stop,
5206652321,40.3317485,49.8292506,118 saylı yarımstansiya,,bus_stop,
5214807023,41.7098415,46.2707904,Avtovağzal Qabaqçöl,,bus_station,
5227714522,40.4603522,50.0751037,,,bus_stop,
5228808421,40.4258949,49.9080113,,,bus_stop,
5298368722,40.4929656,49.8763177,,,bus_stop,
5300881323,40.4553134,49.7372992,,Dayanacaq,bus_stop,
5300884721,40.4545861,49.7388865,Heydər Əliyev prospekti (Bazar),,bus_stop,
5300884722,40.4542718,49.7390457,Heydər Əliyev prospekti 587,,bus_stop,
5300884921,40.4554413,49.7374982,,Dayanacaq,bus_stop,
5300885021,40.4543592,49.7454985,,Dayanacaq,bus_stop,
5302085222,40.4476577,49.7495816,Xırdalan Stansiyası,,bus_stop,
5302097622,40.4477645,49.7497875,Xırdalan Stansiyası,,bus_stop,
5302109421,40.4490861,49.7477618,Dayanacaq 119 135 596 592 523,,bus_stop,
5302109422,40.4520159,49.742624,Heydər Əliyev prospekti 545,Heydar Aliyev Avenue 545,bus_stop,
5302110621,40.4521312,49.7427832,Heydər Əliyev prospekti 894,Heydar Aliyev Avenue 894,bus_stop,
5302309926,40.4410892,49.7637637,Heydər Əliyev prospekti 358B,,bus_stop,
5302310323,40.4347936,49.7759015,Sulutəpə dairəsi,,bus_stop,
5302313221,40.4411812,49.7717599,Heydər Əliyev prospekti 1,Heydar Aliyev avenue 1,bus_stop,
5302348122,40.4408836,49.763899,Heydər Əliyev prospekti 101A,,bus_stop,
5302348123,40.438938,49.7755967,Dayanacaq,,bus_stop,
5302348124,40.4355672,49.7745987,Sulutəpə dairəsi,,bus_stop,
5302363221,40.4469385,49.7510562,,,bus_stop,
5302468222,40.4411797,49.7726011,,,bus_stop,
5302470422,40.7645979,47.0619066,,Dayanacaq,bus_stop,
5302471022,40.764017,47.0624852,,,bus_stop,
5303697124,40.4551698,49.7322657,,Dayanacaq,bus_stop,
5303697125,40.4555294,49.7438612,,Dayanacaq,bus_stop,
5303712822,40.4548046,49.7450307,,Dayanacaq,bus_stop,
5316161822,40.337662,49.8337241,Su İdmanı Sarayı,Baku Aquatics Centre,bus_stop,
5335900355,40.3830577,49.8719543,Şah İsmayıl Xətai,,subway_entrance,
5415180427,40.4057066,49.8689613,Fətəli xan Xoyski küçəsi 129,,bus_stop,
5416619017,40.417159,46.3287361,Maral gölə gedən avtobuslar,,stop_position,
5417996022,40.48695,50.1378948,Dayanacaq 21,Bus stop 21,bus_stop,
5419915323,40.7954135,48.5676263,,Bus,bus_stop,
5422868122,40.4889444,50.1404172,Hamam Dayanacaq,,bus_stop,
5431852622,40.4181892,49.9320715,Qara Qarayev m/st,,bus_stop,
5431869322,40.4178147,49.9320375,Qara Qarayev m/st,,bus_stop,
5444134823,40.5226731,50.0994757,,,bus_stop,
5474644525,40.3759588,49.9610361,260 nömrəli tam orta mәktәb,,bus_stop,
5492450821,40.3018672,49.7629589,Lökbatan Dairəsi,,bus_stop,
5521714623,40.460605,50.0509445,,Baku Bas,bus_stop,
5526843623,40.3843579,50.0792098,"Son dayanacaq 161, 132",,bus_stop,
5530932822,40.6715338,46.3597173,,Bus 23 - City centre to International Bus Station,bus_stop,
5534694427,40.4633979,50.0828261,Mərdəkan yolu 61,,bus_stop,
5534694623,40.4553576,50.0685932,Milli Aviasiya Akademiyası,,bus_stop,
5534694624,40.4628315,50.0827217,Binə Atçılıq Mərkəzi,,bus_stop,
5534694721,40.4556234,50.0681378,Milli Aviasiya Akademiyası,,bus_stop,
5550566723,41.3673246,48.5531079,,ferid quba ev,bus_station,
5556481421,40.5746601,45.8079359,Avtobus dayanacağı,,bus_stop,
5585832022,40.3627685,49.950754,Cavanşir küçəsi 401,,bus_stop,
5586323723,40.4706509,49.8120918,170 avtobusun son dayanacağı,,bus_stop,
5591712922,40.4589299,49.7316119,Xırdalan şəh. 5 nömrəli tam orta məktəb,School 5,bus_stop,
5613688911,39.7542588,46.8385665,,,bus_stop,
5613861924,40.1717378,49.4720184,Umbakı yolu,,bus_stop,
5619868450,40.1571906,46.2847976,Xudavəng,Khudavang,bus_stop,
5619869647,40.1401473,46.345566,,,bus_stop,
5620244723,40.6928002,46.377649,,Bus stop(2;3;5;9;11;12;33;2),bus_stop,
5644808522,40.4691964,50.0145187,,214 Shusha campus,bus_stop,
5644815121,40.465515,50.0126728,214 avtobus,,bus_stop,
5644815123,40.4580337,50.0088184,,214,bus_stop,
5644820721,40.461362,50.0132958,,214,bus_stop,
5644820821,40.4511066,50.0111861,214 avtobus,,bus_stop,
5648251521,40.4755312,50.0146784,Avtovağzal - 214 Avtobus,,bus_station,
5652865421,39.2036982,45.4091027,,,bus_stop,
5695774321,40.4101829,49.8035969,Moskva prospekti 45A,Moscow avenue 45A,bus_stop,
5695774322,40.4107646,49.8060151,96 saylı uşaq bağçası,,bus_stop,
5695774421,40.4110392,49.8044761,20 Yanvar küçəsi 51,,bus_stop,
5702156966,39.8324252,46.7501046,,,bus_stop,
5702156967,39.8333614,46.7524019,,,bus_stop,
5702962466,40.3951706,49.8707319,Ekologiya və Təbii Sərvətlər Nazirliyi,,bus_stop,
5714036732,40.5980459,45.5993787,Novosaratovka,,bus_stop,
5803840253,40.6530462,46.3505207,,,bus_station,
5808020953,39.6967233,47.6939197,,,bus_stop,
5853817181,41.0994928,45.3362632,Qazax Stansiyası,,station,
5853818477,41.0930159,45.3671693,,,bus_stop,
5853818478,41.0928976,45.3676631,,,bus_stop,
5853818594,41.0942276,45.3701261,,,bus_stop,
5853818595,41.0940546,45.3702124,,,bus_stop,
5853818597,41.0956587,45.3738652,,,bus_stop,
5853818609,41.0982044,45.3804696,,,bus_stop,
5854031753,41.0893011,45.3581477,,,bus_stop,
5871095090,41.4242924,48.4472523,,,bus_stop,
5871095091,41.424497,48.4474033,,,bus_stop,
5872875591,40.948265,45.7382471,Qovlar Stansiyası,,station,
5890217178,40.4377286,49.8064047,Asəf Zeynallı küçəsi 351A,,bus_stop,
5894976037,40.449188,49.7290576,№10,,halt,
5907506187,39.8086256,46.7678832,Mikayıl Gözəlov küçəsi,,bus_stop,
5910339375,40.4105171,49.812443,Memar Əcəmi,Memar Ajami,stop_position,
5913686986,40.3585101,49.8285034,Şəhidlər Xiyabanı,,station,
5950533911,40.4005091,49.8505972,3,,subway_entrance,
5950537674,40.4103852,49.8120247,,,subway_entrance,
5950537675,40.4109996,49.8129307,2,,subway_entrance,
5950546154,40.3751068,49.811759,2,,subway_entrance,
5950546155,40.3753088,49.8122634,4,,subway_entrance,
5950559505,40.3795835,49.849241,,,subway_entrance,
5950559506,40.3795697,49.8487231,,,subway_entrance,
5950570610,40.4196411,49.9195758,7,,subway_entrance,
5950570611,40.4194692,49.9198418,6,,subway_entrance,
5950681962,40.4391396,49.9373922,Heydər Əliyev prospekti 234,,bus_stop,
5951278411,40.4115675,49.9419527,Neftçilər m/st,,bus_stop,
5951278412,40.411781,49.942458,Neftçilər m/st,,bus_stop,
5961077886,39.401132,45.5618279,,1925,bus_station,
5961422667,38.9225141,48.0552426,Khan kandi,,stop_position,
5983667986,40.4179284,50.0079361,,184,bus_stop,
5983667989,40.4574011,49.9822553,Avtobus 204,,bus_stop,
5986103486,40.0855599,49.4145343,,,bus_stop,
5986103489,40.0032332,49.4293857,,,bus_stop,
5986172186,40.0031447,49.428784,,,bus_stop,
5990491292,41.3717422,48.5529809,,"Bus to the centre (#1 - 0,20AZN)",bus_stop,
5990509885,41.3609817,48.5286217,,Taxis to Xinaliq,bus_stop,
5995369231,40.3788687,49.8899873,Y14,,station,
5995679688,41.3632925,48.5241194,,Buses to Gusar (Qusar),bus_stop,
5995679690,41.4174582,48.4157786,,,bus_stop,
5996343785,40.3937251,49.8282314,20 Sentyabr,,station,
5998675891,40.3807801,49.8758568,İzzət Orucova küçəsi 11,Izzat Orucova,bus_stop,
6003065686,38.7708043,48.4202852,,,bus_stop,
6003065690,38.7528241,48.848847,,Marshrutky to Istisu,bus_stop,
6003065885,38.7440709,48.8588005,,,bus_stop,
6005085168,40.3880761,49.8321308,A. Bakıxanov dayanacağı,,stop_position,
6005205325,40.5533259,49.8871491,Pirşağı Stansiyası,,station,
6005243788,40.9280559,47.732257,,,bus_stop,
6006797024,40.4124606,49.9584112,Dayanacaq,,bus_stop,
6006797025,40.4134558,49.9589136,dayanacaq,,bus_stop,
6008080287,41.2498537,47.1898127,,,bus_stop,
6008089687,41.2541676,47.2015009,Bus number 15,,bus_stop,
6010348738,40.4018671,49.8205094,8 Noyabr,,station,
6021588249,40.37142,49.9372571,Y16,,station,
6025219231,40.3971954,49.8035469,,,bus_stop,
6043707979,40.4182465,50.0078229,184,,bus_stop,
6094865902,40.761175,45.7591788,Qoşabulaq,,bus_stop,
6121210084,40.5982054,45.8108414,,,bus_stop,
6138959446,40.7083106,45.8367998,,,bus_stop,
6149989580,40.4209435,49.9188878,Koroğlu Avtobus stansiyası,,bus_station,
6150114173,40.3969169,49.8414423,Qan bankı,,bus_stop,
6174449373,38.9065186,46.0197172,Ordubad avtovağzali,Ordubad Bus Terminal,bus_station,
6187298098,40.3672851,49.8167971,73 saylı poçt şöbəsi,,bus_stop,
6187549586,40.4307022,49.8101459,300 nömrəli tam orta məktəb,,bus_stop,
6187549587,40.4324107,49.8152913,,,bus_stop,
6187571085,40.4317826,49.8052313,Biləcəri Dəmiryol Stansiyası,,bus_stop,
6187571086,40.4321018,49.8097085,300 nömrəli tam orta məktəb,,bus_stop,
6193257985,41.1937734,47.1743766,,Shaki Bus station,bus_stop,
6193258585,39.7633814,46.7511158,Bus to Xankəndi,Bus to Xankendi,bus_stop,
6199048486,41.7016254,46.2876821,Qabaqçöl 2,,bus_stop,
6199067285,41.7105845,46.2689988,Qabaqçöl - Balalən 2,,bus_stop,
6199067585,41.7075289,46.2660126,Qabaqçöl - Balakən 2,,bus_stop,
6199067586,41.7005178,46.2772116,Qabaqçöl - Balakən 2,,bus_stop,
6239478385,40.4198981,49.8019371,Rəşid İsmayılov küçəsi 74,,bus_stop,135
6289283676,39.1918175,45.43926,,,bus_stop,
6298433289,40.3561722,49.9794455,Baku Bus Depo,,bus_station,
6308566385,40.549913,49.6527498,,Bağlar Yolu,bus_stop,
6308566386,40.549987,49.6519726,,Bağlar Yolu,bus_stop,
6328554286,40.4039293,49.7074753,"140, 567",,bus_stop,
6328554289,40.3974358,49.7130963,"140, 567",,bus_stop,
6328554291,40.4070561,49.7131916,,,bus_stop,
6328564386,40.4073096,49.7009883,,,bus_stop,
6328564388,40.3942355,49.7150649,"140, 567",,bus_stop,
6328564389,40.4047585,49.7136323,,,bus_stop,
6328564391,40.4089337,49.7152983,,,bus_stop,
6360152658,40.5917264,45.8118161,,,bus_stop,
6418252592,40.4169723,49.9588163,,,bus_station,
6422464585,40.3993742,49.8013374,2 nömrəli Bakı Baza Tibb Kolleci,,bus_stop,
6423145305,39.8066697,46.764773,Kiçik körpü,,bus_stop,
6423145311,39.8086194,46.7676995,,,stop_position,
6423928656,39.8123353,46.7643864,,,bus_stop,
6423928657,39.8117868,46.758408,Xankəndi Doğum evi,,bus_stop,
6424018256,39.8117236,46.7584059,,,stop_position,
6424018257,39.8117486,46.7591723,,,bus_stop,
6424018258,39.8118059,46.7591411,,,stop_position,
6424018259,39.8115222,46.7549288,Mikayıl Gözəlov küçəsi,,bus_stop,
6424018260,39.8118162,46.7529002,Xankəndi şəhər Uşaq Xəstəxanası,,bus_stop,
6424018262,39.8118924,46.7529204,Xankəndi şəhər Uşaq Xəstəxanası,,stop_position,
6424018263,39.8121747,46.7520859,Şəhər bağı,,bus_stop,
6424018264,39.8121008,46.7520383,Şəhər bağı,,stop_position,
6424018265,39.8137433,46.750911,,,bus_stop,
6424018266,39.8137775,46.750799,,,stop_position,
6424018267,39.8134121,46.7504368,Nuru Paşa küçəsi,,bus_stop,
6424018268,39.8133657,46.7505648,Nuru Paşa küçəsi,,stop_position,
6424047520,39.8167715,46.7524185,Nuru Paşa küçəsi,,stop_position,
6424047521,39.8174887,46.7552228,,,bus_stop,
6424047523,39.817539,46.7552192,,,stop_position,
6424047524,39.8193276,46.7559777,Azərbaycan prospekti,,bus_stop,
6424047525,39.81945,46.7557767,Azərbaycan prospekti,,bus_stop,
6424047526,39.8193859,46.7558706,Azərbaycan prospekti,,stop_position,
6425093411,39.8209989,46.7586586,,,stop_position,
6425093414,39.8223977,46.7610411,,,stop_position,
6425093417,39.8244964,46.764225,,,stop_position,
6425156566,39.8260691,46.7655365,,,bus_stop,
6425156567,39.8262479,46.7651313,Koltsevoy Meydanı,,bus_stop,
6425156568,39.8262483,46.7652395,Koltsevoy Dairəsi,,stop_position,
6425156569,39.8233588,46.7669926,,,bus_stop,
6425156570,39.8236397,46.7668701,Səməd bəy Mehmandarov küçəsi,,stop_position,
6425156571,39.8233501,46.7669358,,,stop_position,
6425156574,39.8232619,46.7693036,,,bus_stop,
6425156575,39.8234366,46.7692329,,,bus_stop,
6425156576,39.8233466,46.7692543,,,stop_position,
6425156577,39.8251519,46.770447,,,bus_stop,
6425156578,39.8251455,46.7703709,,,stop_position,
6425156579,39.8266166,46.7701361,,,bus_stop,
6425156580,39.8268141,46.769972,,,bus_stop,
6425160161,39.8285494,46.7694956,Xankəndi Kafedral Kilsəsi,,bus_stop,
6425192280,39.8284802,46.7694531,,,stop_position,
6425192281,39.8285474,46.7693167,,,stop_position,
6425192283,39.8284979,46.7693009,Xankəndi Kafedral Kilsəsi,,bus_stop,
6425192284,39.8287624,46.7670051,,,bus_stop,
6425193085,39.8287333,46.7670749,,,stop_position,
6425315499,39.8268132,46.7648647,,,bus_stop,
6425315500,39.8268876,46.7649256,,,stop_position,
6425315501,39.8271223,46.7646227,,,bus_stop,
6425315502,39.827064,46.764562,,,stop_position,
6425530350,39.8268178,46.7700306,,,stop_position,
6425530351,39.826597,46.7700751,,,stop_position,
6425807085,39.8075364,46.7684934,,,bus_stop,
6425807086,39.812187,46.7640771,,,bus_stop,
6440484139,40.8419995,47.7249694,Dayanacaq Hacallı,,bus_stop,
6442584706,40.9337769,47.8082138,Məktəb yolu Zarağan,,bus_stop,
6442584709,40.9322956,47.8047259,klub yolu,,bus_stop,
6449314186,40.32766,49.7788256,,176-174-saylı avtobuslarin duracagi,bus_stop,
6474541485,40.3020357,49.7616833,,,bus_stop,
6482793723,40.4867662,50.1699299,Daxili İşlər Nazirliyinin Polis Akademiyası,,bus_stop,
6487549379,39.807411,46.7527782,,,bus_stop,
6487754590,40.4874858,50.1644388,Abşeron sanatoriyası,,bus_stop,
6499780766,39.806244,46.7509579,,,bus_stop,
6499780767,39.8073586,46.7529127,,,bus_stop,
6499780768,39.8073801,46.7528385,,,stop_position,
6499780769,39.8087842,46.7542703,,,bus_stop,
6499791811,39.8056212,46.7478561,,,stop_position,
6499791812,39.8056132,46.7479527,,,bus_stop,
6499791813,39.8056563,46.7478397,,,bus_stop,
6499791814,39.8047509,46.744958,,,stop_position,
6499791815,39.8047777,46.7449191,,,bus_stop,
6499791816,39.8063293,46.7508106,,,bus_stop,
6499791817,39.8062901,46.7508817,,,stop_position,
6503834630,39.8142252,46.7459642,,,bus_stop,
6503834631,39.8141958,46.7460142,,,stop_position,
6503834632,39.8117765,46.7435282,Xankəndi Hərbi Bazası,,bus_stop,
6503834633,39.811896,46.7434882,Xankəndi Hərbi Bazası,,bus_stop,
6503834634,39.8118519,46.7435322,Xankəndi Hərbi Bazası,,stop_position,
6503834635,39.8125061,46.7413821,,,bus_stop,
6503834636,39.8125299,46.7413112,,,stop_position,
6503834637,39.8124373,46.7412899,,,bus_stop,
6503834638,39.8109328,46.737919,,,bus_stop,
6503834639,39.8107598,46.737821,,,bus_stop,
6503834640,39.8108588,46.7378953,,,stop_position,
6506082047,39.8141662,46.7459871,,,bus_stop,
6518304819,40.5133239,49.9451982,Məmmədli Stansiyası,,station,
6518322492,40.4712613,49.9546474,Zabrat 1 Stansiyası,,station,
6518326476,40.5563009,49.7779749,Novxanı Stansiyası,,station,
6527869839,40.4319642,49.9536942,Bakıxanov Stansiyası,,station,
6536634187,40.5626387,49.8721471,179 Avtobus Son Dayanacaq \ Pirşaşı,,bus_stop,
6546890191,41.1103307,45.0529417,,,bus_stop,
6546890490,41.0708685,45.0708357,Ոսկեպար,,bus_stop,
6546908186,41.0634864,45.0634951,,,bus_stop,
6546926985,41.0472248,45.0975411,,,bus_stop,
6559522785,40.3935467,49.8155788,Şəfaət Mehdiyev küçəsi 323,Shafayat Mehdiyev,bus_stop,
6578712285,40.4021486,49.9409895,81,,bus_stop,
6597583987,40.5759079,46.3098912,,Military campus,bus_stop,
6597589485,40.5987993,46.3276925,,Central Hospital,bus_stop,
6597613685,40.6979081,46.3612083,,,bus_stop,
6597613687,39.2002207,45.4177051,,,bus_stop,
6597613688,39.2001775,45.4164525,,,bus_stop,
6597613689,39.2024378,45.4102914,,,bus_stop,
6597613785,39.1916978,45.4395007,,,bus_stop,
6597613786,39.2020738,45.4255496,,,bus_stop,
6597613787,39.2033538,45.4088788,,,bus_stop,
6597613789,39.2085066,45.4085492,,,bus_stop,
6597613790,39.2132304,45.4082302,,,bus_stop,
6597613791,39.2208244,45.4075557,,,bus_stop,
6597613792,39.2089232,45.4121672,,,bus_stop,
6597613793,39.2118865,45.4119156,,,bus_stop,
6597613794,39.2198548,45.4059144,,,bus_stop,
6597613795,39.2161705,45.4202693,,,bus_stop,
6597613886,39.2157816,45.4202333,,,bus_stop,
6597614085,39.2023295,45.425608,,,bus_stop,
6597614086,39.206147,45.4088814,,,bus_stop,
6597614088,39.2158894,45.4060186,,,bus_stop,
6597614285,39.1958527,45.4269444,,,bus_stop,
6597614286,39.1968349,45.4201524,,,bus_stop,
6597624085,39.2154984,45.4115038,,,bus_stop,
6598042010,38.9453267,48.0649515,ترمینال تولون,Tulun Bus Station,bus_station,
6600781822,40.6895444,46.5609856,,Bus Stop,bus_stop,
6602504910,40.4257716,49.906012,Aşqarlar Kimyası İnstitutu,,bus_stop,
6602508052,40.4252661,49.905295,73 nömrəli tam orta məktəb,,bus_stop,
6602730825,40.4256636,49.9162237,Z. Bünyadov pr. Bakı Olimpiya Stadionu,,bus_stop,
6602730826,40.4253522,49.9155675,Z. Bünyadov pr. Bakı Olimpiya Stadionu,,bus_stop,
6602735851,40.4412061,49.9333964,Sabunçu dairəsi,,bus_stop,
6602735852,40.4434245,49.9340062,,,bus_stop,
6602747625,40.4285002,49.8983174,Ziya Bünyadov prospekti,,bus_stop,
6602747626,40.4275406,49.8993218,Ziya Bünyadov pr. 20/61,,bus_stop,
6602747627,40.424096,49.8769549,Ziya Bünyadov pr. 314,,bus_stop,
6602747628,40.4246339,49.8768781,Ziya Bünyadov pr. 435,,bus_stop,
6602747629,40.4127446,49.8434104,Sənayecihaz elmi-istehsalat müəssisəsi,,bus_stop,
6602747630,40.4117243,49.8411439,Bakı Biznes və Kooperasiya Kolleci,,bus_stop,
6602747631,40.3980453,49.8154449,Ə. Salamzadə küçəsi 140,,bus_stop,
6603887832,40.5325861,48.899298,,,bus_stop,
6603887833,40.5322338,48.8994086,,,bus_stop,
6603915273,40.5021285,49.2683137,,,bus_stop,
6603915274,40.5018377,49.2691356,,,bus_stop,
6604356327,40.5217368,48.9383542,,,bus_stop,
6604356328,40.521364,48.9392368,,,bus_stop,
6604356333,40.5095569,48.9459202,,,bus_stop,
6604356334,40.5074583,48.9547955,,,bus_stop,
6604356335,40.5073264,48.9538144,,,bus_stop,
6604367364,40.5345874,48.9086677,,,bus_stop,
6604367365,40.5342734,48.9087736,,,bus_stop,
6604386018,40.5172447,48.8273371,,,bus_stop,
6604386019,40.516952,48.8268842,,,bus_stop,
6604481025,40.6361863,46.4054997,,,bus_stop,
6604481026,40.6358097,46.4055265,,,bus_stop,
6627173885,40.5206384,50.1107369,,,bus_stop,
6653042586,40.4648156,49.8117293,100 nömrəli avtobusun son dayanacağı,,bus_stop,
6658198687,40.8485089,48.3860417,,"Bus stop to Ismailli 8:00,13:00,16:00",bus_stop,
6670176585,41.3624557,48.5290973,,"Marshrutka #1 to Bus Station (0,20AZN)",bus_stop,
6680351789,40.7017177,46.3204347,,Bus station to Georgia (Qazax),bus_stop,
6720116085,40.5131237,49.9454728,Məmmədli,,stop_position,
6742505560,40.4459779,49.9467851,Sabunçu,,stop_position,
6742509928,40.4319376,49.9538442,Bakıxanov,,stop_position,
6746735285,41.4156579,46.9029048,İlisu avtobusları,Bus to Ilisu,bus_stop,
6746735286,40.6222967,48.6542594,Bakı Taxi,"Private cars to Baku, reasonable price",bus_station,
6763552177,40.3602847,49.8331649,Bəhram Gur,,station,
6766377501,40.3848579,49.8829739,Mərkəzi Bulvar küçəsi 3,,bus_stop,
6863159334,39.9658817,49.4060054,,,bus_stop,
6863162501,40.6675766,46.3673554,,,bus_stop,
6863882633,40.6666594,46.3531525,Bus #4,,bus_stop,
6863890535,40.6644113,46.3551087,Bus #4,,bus_stop,
6863893645,40.6421409,46.3417666,Bus #4,,bus_stop,
6863894332,40.6551471,46.3495002,Bus #4,,bus_stop,
6863895636,40.6637708,46.3588667,Bus #4,,bus_stop,
6863898420,40.6726886,46.3569811,Bus #4,,bus_stop,
6863905530,40.674451,46.355308,Bus #4,,bus_stop,
6863905930,40.6621353,46.3574979,Bus #4,,bus_stop,
6863906871,40.6663033,46.3527089,Bus #4,,bus_stop,
6863908137,40.647235,46.3482944,Bus #4,,bus_stop,
6872659785,40.4090773,49.9439985,Neftçilər m/st,,bus_stop,
6897557094,40.4645283,50.0524496,Terminal 1,,bus_stop,
6918596293,39.817221,46.7591193,,,bus_stop,
7124431486,40.4233408,49.9099324,AYNA,,bus_station,
7142831107,40.8286824,46.0248519,,,bus_stop,
7142831121,40.829137,46.0237173,,,bus_stop,
7151245885,39.9881554,49.4278045,Kotal,,bus_stop,
7160484085,41.2040622,47.1790647,,Bus stop to Kis,bus_stop,
7187874786,40.3725681,49.9933941,,,bus_stop,
7187886087,40.3729307,49.9940387,,,bus_stop,
7246812955,39.7801836,48.133342,,,bus_stop,
7246812956,39.7801477,48.1338417,,,bus_stop,
7259856115,40.4027833,49.8706869,Nəriman Nərimanov,Nariman Narimanov station,stop_position,
7259856116,40.3998792,49.8506007,Gənclik,,stop_position,
7259856124,40.3798701,49.8487572,28 May,,stop_position,
7259856127,40.3717145,49.8445867,Sahil,,stop_position,
7259856130,40.3659586,49.8316486,İçərişəhər,Icherisheher,stop_position,
7279336593,40.4104823,49.8124456,Memar Əcəmi,Memar Ajami,station,
7279336594,40.410448,49.8124557,Memar Əcəmi,Memar Ajami,stop_position,
7279336600,40.4212723,49.7951004,Avtovağzal,,stop_position,
7280484985,39.9326897,46.830953,Əsgəran qəsəbəsi,,bus_stop,
7280485085,39.977623,46.8679834,,,bus_stop,
7293232973,40.3738058,49.8266507,Təzəpir məscidi,Taza Pir Mosque,bus_stop,
7293240922,40.380922,49.8232664,Respublika Gənclər Kitabxanası,,bus_stop,
7293257486,40.3757122,49.825271,Abdulla Şaiq küçəsi 128,,bus_stop,
7293266091,40.3754846,49.8297819,Akademik Milli Dram Teatrı,Academic National Drama Theatre,bus_stop,
7293304016,40.3859291,49.8795099,,,bus_stop,
7293339693,40.4023354,49.8195909,1,,subway_entrance,
7293339694,40.402572,49.8198279,2,,subway_entrance,
7293339695,40.4016807,49.8208664,4,,subway_entrance,
7293339696,40.4014209,49.821988,3,,subway_entrance,
7293343086,40.4018009,49.8207432,8 Noyabr,,stop_position,
7340906839,39.9729194,49.442013,,,stop_position,
7340906900,39.9736305,49.4444806,,,stop_position,
7340906902,39.9727699,49.443572,,,stop_position,
7352655977,39.9751996,49.4446663,,,stop_position,
7521032191,40.2181897,46.8246429,,,bus_station,
7542580360,40.5611457,49.6813023,Sumqayıt,,station,
7553657990,39.8273709,46.7569331,,,stop_position,
7562253753,40.6574324,46.6521105,,,bus_stop,
7562253754,40.6571619,46.6516857,,,bus_stop,
7562253755,40.6890789,46.5626321,,,bus_stop,
7562272892,40.6898579,46.5105422,,,bus_stop,
7562276991,40.6894438,46.5126233,,,bus_stop,
7562307392,40.6797242,46.4752566,,,bus_stop,
7562354250,40.6155709,46.3125839,,,bus_stop,
7562354251,40.6204204,46.310133,,,bus_stop,
7562427122,40.7019209,46.2780748,,,bus_stop,
7562427123,40.7013774,46.2785831,,,bus_stop,
7658424818,40.4940848,49.4938789,,,bus_stop,
7671011765,40.5736887,48.8897958,,,bus_stop,
7709704177,40.4080425,49.8478829,Atatürk prospekti 117,,bus_stop,
7709704178,40.4080306,49.8487421,Atatürk prospekti 98,,bus_stop,
7712592185,40.4640868,50.0523703,,,bus_station,
7756962417,40.3983392,49.8593818,Auditorlar Palatası,,bus_stop,
7756962418,40.3980445,49.8592423,6 saylı Uşaq Klinik Xəstəxanası,,bus_stop,
7845790141,39.8222897,46.7440644,,,bus_stop,
7845790142,39.8224175,46.7443663,,,bus_stop,
7846273414,39.8210313,46.7443613,,,bus_stop,
7846273415,39.8208132,46.7444273,,,bus_stop,
7846345378,39.819086,46.7451694,,,bus_stop,
7868104885,40.4184712,49.9629388,,"22, 35, 40, 141",bus_station,
7891455714,41.706127,46.4241792,Avtovağzal Balakən,,bus_station,
7932211206,41.6901895,46.3844678,,,bus_stop,
7932211207,41.6872632,46.3813362,,,bus_stop,
7956004651,40.3088156,48.2424178,,,bus_stop,
7956004652,40.3090467,48.2428872,,,bus_stop,
8079806954,39.8076226,46.7686199,,,bus_stop,
8132034726,40.4461023,49.7486992,Xırdalan,,stop_position,
8132034729,40.4462137,49.7486748,Xırdalan,,stop_position,
8140118962,40.4459911,49.7486123,Xırdalan,,stop_position,
8141178517,40.556441,49.6103302,Sumqayıtçay,,station,
8145677453,40.5611666,49.6813294,Sumqayıt,,stop_position,
8145677464,40.5620991,49.6798242,Sumqayıt,,stop_position,
8157346606,40.4458169,49.7480334,Xırdalan Stansiyası,Khyrdalan railway station,station,
8157398629,38.62592,48.8728976,Qamışlıq,,station,
8158642285,40.9453143,49.2727358,Zarat,,station,
8228430219,40.411893,49.9869484,,113,bus_stop,
8228437217,40.4116852,50.0027442,"113, 208, 104",,bus_stop,
8228437317,40.420698,50.003473,,"113, 213, 191, 209",bus_stop,
8324219417,41.6374845,48.5770561,,Avtobus dayanacağı,bus_station,
8328390517,40.4031277,49.8688474,N. Nərimanov m/st (Ə. Rəcəbli küç.),,bus_stop,
8328390617,40.4029381,49.8686798,N. Nərimanov m/st (Ə. Rəcəbli küç.),,bus_stop,
8369359396,40.2885818,48.3110984,,,bus_stop,
8369359397,40.2896539,48.3086711,,,bus_stop,
8375130494,39.7506463,47.9904914,,,bus_stop,
8375130495,39.7502957,47.9904807,,,bus_stop,
8375349666,39.7837507,47.8228989,,,bus_stop,
8375349667,39.7833075,47.8223383,,,bus_stop,
8375349807,39.7702465,47.8677159,,,bus_stop,
8375398078,39.8033054,47.7868903,,,bus_stop,
8375398079,39.8037103,47.78696,,,bus_stop,
8375398088,39.798944,47.7892613,,,bus_stop,
8413096234,40.9209997,47.2052211,Şəkikənd stansiyası,,station,
8490122355,40.5961749,48.6958346,,,bus_stop,
8491687165,40.5794194,48.7265485,,,bus_stop,
8491687273,40.5894455,48.7098786,,,bus_stop,
8498607992,40.4106078,49.8058926,Asif Məhərrəmov küçəsi 141,,bus_stop,
8499546007,40.3894909,49.8359468,Zorge parkı,Sorge Park,bus_stop,
8505999581,40.4237838,49.8427927,83 nömrəli tam orta məktəb,,bus_stop,
8505999582,40.4207884,49.8427289,135 nömrəli tam orta məktəb,,bus_stop,
8505999583,40.4185381,49.842664,Bakı Turizm Peşə Məktəbi,,bus_stop,
8506776530,40.4021383,49.8377126,Neftçi bazası,,bus_stop,
8506783909,40.4020536,49.837432,Nərimanov Rayon qeydiyyat Şöbəsi,,bus_stop,
8506797164,40.4059489,49.83624,Bakı Dövlət Cıdır Meydanı,,bus_stop,
8507345229,40.3930299,49.8154716,Şəfaət Mehdiyev küçəsi 97,,bus_stop,
8507345230,40.3896756,49.815505,Şəfaət Mehdiyev küçəsi 140,,bus_stop,
8507345232,40.3894154,49.815266,Əmlakın Kadastrı və Ünvan Reyestri Xidməti,,bus_stop,
8507345237,40.3677266,49.8170295,225 nömrəli tam orta məktəb,,bus_stop,
8507345238,40.3951418,49.8175757,Tbilisi prospekti 49,,bus_stop,
8508876784,40.3647649,49.8189855,Respublika İncəsənət Gimnaziyası,,bus_stop,
8508876785,40.3663922,49.8211168,Mikayıl Müsfiq küçəsi 28,,bus_stop,
8508876786,40.3664231,49.8215005,10 nömrəli Uşaq Poliklinikası,,bus_stop,
8511924850,40.5810593,48.7246616,,,bus_stop,
8519104118,40.4173058,49.8385471,Corce Enesku parkı,,bus_stop,
8519137548,40.4239714,49.8429784,Bakı Tennis Akademiyası,,bus_stop,
8525842786,40.4287557,47.9358709,,,bus_stop,
8525903720,40.4306789,47.9324122,,,bus_stop,
8529249434,40.1972514,49.5060781,Ümid qəsəbəsi (164),,bus_stop,
8529249452,40.2014428,49.513755,"Ümid qəsəbəsi, Yeni massiv",,bus_stop,
8529249453,40.1980952,49.5077156,Ümid qəsəbə məscidi,,bus_stop,
8529259751,40.6247246,47.0591976,,,bus_stop,
8529259752,40.6254167,47.0561841,,,bus_stop,
8531539573,40.3859148,49.855467,Nərimanov Rayon İcra Hakimiyyəti,,bus_stop,
8531546433,40.3850842,49.8540815,Yaşıl bazar,,bus_stop,
8531582392,40.3875992,49.8572435,Xətai prospekti 41,,bus_stop,
8531624155,40.3884855,49.8585621,Xətai prospekti 124,,bus_stop,
8531632955,40.3895566,49.8596591,Xətai prospekti 61,,bus_stop,
8531649735,40.3912322,49.8617255,Elm və Təhsil Nazirliyi,Ministry of Science and Education,bus_stop,
8531689100,40.3935696,49.8633665,Gülarə Qədirbəyova küçəsi 4,,bus_stop,
8533302270,40.666924,46.6348252,,,bus_stop,
8533302300,40.6625995,46.6416889,,,bus_stop,
8533413651,40.6895202,46.4887387,,,bus_stop,
8569968191,40.6397163,47.2182217,,,bus_station,
8570515418,40.3641797,49.9603122,Gəncə prospekti 39,,bus_stop,
8570523218,40.366029,49.9599668,269 nömrəli tam orta mәktәb,,bus_stop,
8576466444,40.6450771,48.4793696,,,bus_stop,
8587244683,40.3763264,49.8239755,Şahhüseyn məscidi,,bus_stop,
8587300641,40.6273629,47.9152313,,,bus_stop,
8587300714,40.61998,47.9711044,,,bus_stop,
8587300715,40.6176336,47.9830483,,,bus_stop,
8587344427,40.6356476,47.857596,,,bus_stop,
8587344428,40.6409691,47.8023036,,,bus_stop,
8591438760,40.3878842,49.831709,Bakı Tikiş Evi,,bus_stop,
8594168099,40.3997899,49.8374619,47 nömrəli məktəb,,bus_stop,
8594168100,40.3679624,49.8245603,Nəriman Nərimanov heykəli,,bus_stop,
8594168101,40.3529303,49.8334667,Dövlət Yanğından Mühafizə hissəsi,,bus_stop,
8594168102,40.349786,49.8348156,Neftçi Qurban küçəsi 84,,bus_stop,
8594168103,40.3363822,49.8240153,Arif İsmayılov küçəsi 6,,bus_stop,
8594168104,40.3264328,49.8194878,6 nömrəli Bakı Peşə Məktəbi,,bus_stop,
8594168105,40.3219682,49.8193168,Ömər Nemanzadə küçəsi 37,,bus_stop,
8594168106,40.3267763,49.819595,6 nömrəli Bakı Peşə Məktəbi,,bus_stop,
8594168107,40.3363607,49.8246429,Səbail Rayon Mühafizə İdarəsi,,bus_stop,
8594168108,40.335041,49.827985,Bibiheybət yolu,,bus_stop,
8594168109,40.3412847,49.8403899,Bakı Kristal Zalı,Baku Crystal Hall,bus_stop,
8594168110,40.3676736,49.8293266,2 nömrəli Şəhər Poliklinikası,,bus_stop,
8594168111,40.3668588,49.826454,44 saylı uşaq bağçası,,bus_stop,
8594168112,40.3674369,49.8250711,6 saylı poçt şöbəsi,,bus_stop,
8594168113,40.3703608,49.8251268,İmam Hüseyn məscidi,,bus_stop,
8594168114,40.3719387,49.8243505,173 nömrəli tam orta məktəb,,bus_stop,
8594168115,40.4178351,49.83673,8 nömrəli Stomatoloji Poliklinika,,bus_stop,
8594168116,40.4202676,49.8373948,10 nömrəli poliklinika,,bus_stop,
8594168317,40.4251708,49.8386229,9 saylı qadın məsləhətxanası,,bus_stop,
8594603378,40.426224,49.8563486,Binəqədi Rayon Məhkəməsi,,bus_stop,
8594603379,40.4323222,49.8519628,Abay Kunanbayev küçəsi 145,,bus_stop,
8594603380,40.4297938,49.8498561,Abay Kunanbayev küçəsi 107,,bus_stop,
8594603381,40.4269566,49.8475094,Abay Kunanbayev küçəsi 3,,bus_stop,
8594674681,40.4265619,49.8433481,Azadlıq prospekti m/st,,bus_stop,
8594848329,40.4265077,49.8560858,Binəqədi Polis İdarəsi,,bus_stop,
8594848330,40.4299028,49.8562067,244 nömrəli tam orta məktəb,,bus_stop,
8594848331,40.4324205,49.854565,Abay Kunanbayev küçəsi 4,,bus_stop,
8594848332,40.4320414,49.8519525,151 saylı uşaq bağçası,,bus_stop,
8594848333,40.4300508,49.8502606,Abay Kunanbayev küçəsi 107,,bus_stop,
8594848334,40.4271347,49.8478482,Abay Kunanbayev küçəsi 36,,bus_stop,
8594848335,40.4212178,49.842869,Hidrotexnika və Meliorasiya İnstitutu,,bus_stop,
8594848336,40.4188942,49.8427783,Bakı Turism Peşə Məktəbi,,bus_stop,
8594848337,40.3940556,49.8447776,Ceyhun Hacıbəyli küç. 146,,bus_stop,
8594848338,40.3827106,49.8458089,28 May m/st (Pantomima teatrı),,bus_stop,
8594973350,40.3712971,49.8202586,Qurban Xəlilov küçəsi 33,,bus_stop,
8595061611,40.4253798,49.8410023,Azadlıq pr m/s,,stop_position,
8595317971,40.3710028,49.8446207,Sahil metrostansiyası,Sahil metro station,bus_stop,
8595317972,40.4264648,49.8432834,Azadlıq prospekti m/st,,stop_position,
8595317973,40.4249371,49.8615538,Dərnəgül m/st,,stop_position,
8595317974,40.425484,49.8600921,Dərnəgül m/st,,stop_position,
8595726811,40.4356397,49.8056229,Biləcəri,,stop_position,
8595726812,40.3807099,49.8507303,Bakı,,stop_position,
8595726813,40.3807789,49.8506295,Bakı,,stop_position,
8595726814,40.3808085,49.8505852,Bakı,,stop_position,
8595726815,40.3808816,49.8504757,Bakı,,stop_position,
8595726816,40.3809266,49.8504101,Bakı,,stop_position,
8595761417,40.3809922,49.8503171,Bakı,,stop_position,
8595761418,40.3810541,49.8502185,Bakı,,stop_position,
8595761419,40.3811134,49.8501339,Bakı,,stop_position,
8595761420,40.3973015,49.8920185,Keşlə dayanacağı,,stop_position,
8595761421,40.4315519,49.9536967,Bakıxanov,,stop_position,
8595761422,40.4461709,49.9467051,Sabunçu,,stop_position,
8595761423,40.4715263,49.954444,Zabrat-1,,stop_position,
8595761424,40.4715598,49.9544724,Zabrat-1,,stop_position,
8595761426,40.4881615,49.9593881,Zabrat-2,,stop_position,
8595761441,40.5524951,49.8289043,Goradil,,stop_position,
8595761442,40.552822,49.8272237,Goradil,,stop_position,
8595761450,40.5562271,49.7780268,Novxanı Stansiyası,,stop_position,
8595761473,40.556255,49.7780226,Novxanı,,stop_position,
8596753269,40.4164997,49.9077246,5 saylı ASAN xidmət mərkəzi,,bus_stop,
8596753270,40.4141353,49.9015814,Dövlət Neft Fondu,State Oil Fund,bus_stop,
8596753271,40.4136813,49.90167,Dövlət Neft Fondu,State Oil Fund,bus_stop,
8596753272,40.4124279,49.8989957,Milli Sağlamlıq Mərkəzi,,bus_stop,
8596753273,40.4093932,49.8934516,,,bus_stop,
8596753274,40.4069768,49.8883881,Heydər Əliyev prospekti 137,,bus_stop,
8596753275,40.4074325,49.8902196,Nəqliyyatı İntellektual İdarəetmə Mərkəzi,Intelligent Transportation Management Center,bus_stop,
8596753276,40.4039052,49.8845601,Dövlət Neft Şirkəti,State Oil Company,bus_stop,
8596753277,40.4068239,49.8055342,,,platform,
8596753279,40.4230422,49.9152886,Koroğlu m/st,,stop_position,
8598872787,40.3974898,49.8136031,FHN-nin Bakı Regional Mərkəzi,,bus_stop,"2, 13, 37, 59, 65, 79"
8598872788,40.3965525,49.8132698,Ə. Salamzadə küçəsi 93,,bus_stop,
8598872796,40.3956644,49.8131782,Ə. Salamzadə küçəsi 10,,bus_stop,26
8603671586,40.6404796,47.7343887,Avtovağzal Göyçay,,bus_station,
8631114444,38.8577189,48.8108684,Liman,,station,
8631252675,39.1887428,45.4032972,Naxçıvan,,station,
8655684419,40.519321,50.1032808,,,bus_stop,
8709601417,39.8475308,46.5709367,,,bus_station,
8747335900,40.4359228,47.9377216,Müsuslü Stansiyası,,station,
8755506302,40.822436,47.6944906,Qəbələ Stansiyası,,station,
8755531346,40.6409681,47.5577545,Ağdaş,,station,
8765681674,40.5811917,48.39201,Avtovağzal Ağsu,,bus_station,
8809282576,40.4230824,49.7796111,Xocəsən Depo Metro,Khojasan,station,
8809579604,40.4760244,50.1109714,Mərdəkan yolu 123,,bus_stop,
8809579605,40.4756306,50.1113399,Mərdəkan yolu 118,,bus_stop,
8809579606,40.4559301,50.0697038,,,bus_stop,
8893256424,40.3453871,48.1458154,Kürdǝmir Stansiyası,,station,
8922805336,40.2613545,48.4129742,Sığırlı Stansiyası,,station,
9063060043,40.0495728,49.0470993,Pirsaat Stansiyası,,station,
9064652981,40.0178168,49.1428193,Nəvahi stansiyası,,station,
9080248222,40.099632,48.818382,Muğan stansiyası,,station,
9124749027,40.5146026,47.5408646,Əlikənd Stansiyası,,station,
9130361242,40.4664783,47.8450996,,,bus_stop,
9130361243,40.4646622,47.8484362,,,bus_stop,
9162634974,40.509058,47.6497865,Ucar Stansiyası,,station,
9183848442,40.5541255,47.4261546,Ləki Stansiyası,,station,
9212068966,40.4565548,50.1419518,,,bus_stop,
9222304408,40.3796862,50.0709031,172 nömrəli tam orta məktəb,,bus_stop,
9222304409,40.3797486,50.0701998,,,bus_stop,
9246850770,40.5692359,49.6326511,,,bus_stop,
9246850771,40.5696526,49.632584,,,bus_stop,
9301211545,40.6560935,47.2203742,,,bus_stop,
9309089980,40.7057601,47.2345832,,,bus_stop,
9316142116,40.7219635,47.2105318,,,bus_stop,
9316160628,40.723604,47.2069189,,,bus_stop,
9316190033,40.7179344,47.2155153,,,bus_stop,
9335634741,40.6202111,47.1493506,Yevlax Stansiyası,,station,
9370910400,40.6320855,46.9871467,,,bus_stop,
9370965968,40.6371192,47.0027545,Mingəçevir Stansiyası,,station,
9382305675,40.3800374,50.0738071,,,bus_stop,
9383874309,40.3653144,47.0131679,,,bus_stop,
9433848174,40.4794593,49.5891014,Pirəkəşkül qəs. poçt şöbəsi,,bus_stop,
9433848175,40.479953,49.5888305,Pirəkəşkül qəs. poçt şöbəsi,,bus_stop,
9440272860,40.4944958,49.4938669,,,bus_stop,
9442810465,40.499081,49.0336695,,,bus_stop,
9442810466,40.4989291,49.035134,,,bus_stop,
9469407706,40.766015,47.0097336,Mingəçevir Stansiyası,,station,
9482118203,40.7332131,47.0024823,,,bus_stop,
9482118204,40.7326725,47.0025735,,,bus_stop,
9484264175,40.7135919,47.0083496,,,bus_stop,
9484264176,40.7138318,47.0086634,,,bus_stop,
9484264177,40.6892578,47.0146501,,,bus_stop,
9484264178,40.689388,47.0150712,,,bus_stop,
9484433692,40.6465363,46.8501985,,,bus_stop,
9484433693,40.6460072,46.8501046,,,bus_stop,
9492951829,40.643042,46.6802953,,,bus_stop,
9509056438,40.461257,47.1265481,,,bus_stop,
9575247178,39.6990689,48.0867631,,,bus_stop,
9575247179,39.6982016,48.0873652,,,bus_stop,
9575247180,39.7110207,48.0712135,,,bus_stop,
9575247181,39.70982,48.0723118,,,bus_stop,
9575290907,39.7371729,48.0108098,,,bus_stop,
9575290908,39.7362909,48.0117006,,,bus_stop,
9575299057,39.6723189,48.1380891,,,bus_stop,
9575299058,39.6714439,48.13912,,,bus_stop,
9575309274,39.5214258,47.4492533,,,bus_stop,
9575309275,39.5212549,47.4494536,,,bus_stop,
9575311148,39.5240534,47.468624,,,bus_stop,
9575311149,39.5240887,47.4692684,,,bus_stop,
9575321254,39.5539253,47.5538575,,,bus_stop,
9575321255,39.5536785,47.5537765,,,bus_stop,
9575321426,39.7499294,47.9924931,,,bus_stop,
9575323980,39.752452,47.854001,,,bus_stop,
9575323981,39.7524007,47.8542802,,,bus_stop,
9575329722,39.7287655,47.8186212,,,bus_stop,
9575329723,39.686999,47.7568593,,,bus_stop,
9575329738,39.590868,47.6319624,,,bus_stop,
9575329739,39.5893513,47.6297806,,,bus_stop,
9575329859,39.5821217,47.6204523,,,bus_stop,
9575329861,39.5717089,47.5962095,,,bus_stop,
9575329862,39.5716247,47.5964917,,,bus_stop,
9635235525,40.420763,49.918092,Koroğlu,,stop_position,
9693334398,40.7867815,46.2489975,Alabaşli Stansiyası,,station,
9733565256,40.4042107,49.8065602,"20 Yanvar m/st (114A, 114B)",,bus_stop,
9799625555,40.341903,49.982002,221 saylı orta məktəb,,bus_stop,
9829078765,40.5165754,50.1006201,,,bus_stop,
9829130886,40.5093526,50.1029576,,,bus_stop,
9829130887,40.5161829,50.1012772,,,bus_stop,
9829130888,40.508903,50.1025312,,,bus_stop,
9837046198,40.5532943,49.8860059,Pirşağı,,stop_position,
9861183047,41.6294025,46.6388136,Avtovağzal Zagatala,,bus_station,
9864184294,40.3897452,49.8769695,Montin \ Nərimanov Stansiyası,,station,
9890385450,40.3215407,49.8214424,Bakı Ali Neft Məktəbi,Bus Stop Baki Ali Neft Məktəbi,bus_stop,
9890385456,40.3283348,49.8262623,Kristal Abşeron Bayıl,,bus_stop,
9906555455,40.3575963,49.8116697,Mikayıl Müşfiq küçəsi 108,,bus_stop,
9925602278,40.3556332,49.9788719,BakuBus,,bus_stop,
9928103224,40.4627613,50.0529599,Servis Avtobusların Dayanacağı,Service Bus,bus_stop,
9966485375,40.4222892,50.2433592,,,bus_stop,
9966485376,40.4226547,50.2425894,,,bus_stop,
9966485556,40.4333249,50.238432,Dübəndi Stansiyası,,station,
9982981137,38.7557492,48.8505521,,53 bus stop to Bus station,bus_stop,
9993613260,40.3637533,50.1565361,,,bus_stop,
10015414743,39.1885754,45.4437705,Bus #6 from the city stops here,,bus_stop,
10015421379,39.1891209,45.4434523,Bus #6 to the city,,bus_stop,
10015422434,39.213663,45.408099,Bus #6 to the airport (once an hour),,bus_stop,
10016617596,40.3717549,50.0353458,,,bus_stop,
10016617597,40.3710172,50.035319,,,bus_stop,
10018006181,40.2167336,49.567941,Sahil qəsəbəsi,,bus_stop,
10018006182,40.2168909,49.5678623,Sahil qəsəbəsi,,bus_stop,
10018006183,40.2198786,49.5722185,"Sahil qəsəbəsi, Rövşən Rzayev parkı",,bus_stop,
10018006184,40.2223255,49.5740648,"Sahil qəsəbəsi, Mustafa Sübhi küçəsi",,bus_stop,
10018006185,40.2225549,49.5742264,"Sahil qəsəbəsi, Mustafa Sübhi küçəsi",,bus_stop,
10018006187,40.2242424,49.5774867,Sahil bulvarı,,bus_stop,
10018006188,40.2265649,49.575802,Optimal Market,,bus_stop,
10018006190,40.2276969,49.5781581,Sahil ş/s,,bus_stop,
10018006191,40.2278747,49.5781191,Sahil ş/s,,bus_stop,
10018006192,40.2299184,49.5825056,16 nömrəli peşə liseyi,,bus_stop,
10018006194,40.2310987,49.5853621,"Sahil qəsəbəsi, Şahlar Əsgərov küç.",,bus_stop,
10018006195,40.2313416,49.5854559,"Sahil qəsəbəsi, Şahlar Əsgərov küç.",,bus_stop,
10018041764,40.1991762,49.5157779,Ümid qəsəbəsi (Keçid),,bus_stop,
10018041765,40.1985257,49.5156652,Ümid qəsəbəsi (Keçid),,bus_stop,
10030353569,40.4398965,50.012826,Heydər Əliyev prospekti 370,,bus_stop,
10032370764,40.4429177,49.9927121,,,bus_stop,
10106033318,41.4186104,48.4177379,Такси парк,,bus_station,
10131071469,40.4435081,49.7215179,Xırdalan elektrik yarımstansiyası 1,,bus_stop,
10131826217,39.1893924,45.4436006,,,bus_stop,
10131826317,39.1887729,45.4434077,,,bus_stop,
10135377420,41.4200034,46.9210112,,,bus_stop,
10141132414,40.5066047,49.9743846,,,bus_stop,
10186771928,40.4566256,50.14294,,,bus_stop,
10229012229,40.4677047,49.9198607,,,bus_stop,
10229012232,40.4672762,49.9258178,,,bus_stop,
10229012234,40.4668885,49.9232349,,,bus_stop,
10285725821,40.4211517,49.7790664,Xocəsən Metro Stansiyası,Khojasan Metro Station,stop_position,
10301195171,40.4350623,49.7764322,Sulutəpə dairəsi,,bus_stop,
10307388882,40.4494485,49.7667857,,,bus_stop,
10605005480,40.5867477,50.0391372,172 Dayanacaq,,bus_stop,
10697875010,40.460395,50.1249933,,,bus_stop,
10697961517,40.466715,50.1186311,,,bus_stop,
10697961518,40.4673333,50.1190576,,,bus_stop,
10700321339,40.5112043,50.1442637,,,bus_stop,
10700321340,40.510983,50.1442569,,,bus_stop,
10743173705,40.2975881,49.7588868,LİMAN ÖZƏL,,bus_stop,
10744195953,40.0384957,46.9568675,,,bus_stop,
10746549522,40.4008792,50.3127868,,,bus_stop,
10746549523,40.4009333,50.3110689,,,bus_stop,
10757292773,40.4247486,50.0404944,,,bus_stop,
10757292774,40.423061,50.0375748,,,bus_stop,
10757292775,40.4188403,50.0364777,,,bus_stop,
10757292776,40.4238614,50.0469223,,,bus_stop,
10757292777,40.4215413,50.0480159,,,bus_stop,
10757292778,40.4200961,50.0486617,,,bus_stop,
10757292779,40.4190189,50.0489835,,,bus_stop,
10771629895,40.4495031,50.1063473,BakElektroAvtomat Stansiyası,,station,
10778512289,40.4514763,50.1178593,Əzizbəyov Stansiyası,,station,
10893961491,40.5500699,49.6926038,10 A son dayanacağı,,bus_stop,
10964169709,40.4485912,49.7181867,Şuvan Market Dayanacaq,,bus_stop,
11012777142,40.370066,49.9909553,,,bus_stop,
11021691067,41.3865327,45.1839156,Böyük Kəsik,,stop_position,
11021691079,40.5087379,47.6498122,Ucar,,stop_position,
11080118287,40.0798454,46.9769486,,,bus_stop,
11080118288,40.0788748,46.9770014,,,bus_stop,
11080118289,40.1169512,46.9998659,,,bus_stop,
11080185605,40.115967,46.9998067,,,bus_stop,
11080185606,40.0454381,46.959759,,,bus_stop,
11080213360,40.1362758,47.0130365,,,bus_stop,
11080213361,40.1372747,47.0130933,,,bus_stop,
11119503670,40.5473521,49.9132718,,,bus_stop,
11119503671,40.5475793,49.9148691,,,bus_stop,
11119503684,40.5467172,49.9194905,,,bus_stop,
11119503686,40.549111,49.9191244,,,bus_stop,
11119503687,40.551901,49.9189018,,,bus_stop,
11119503690,40.5536649,49.917849,,,bus_stop,
11119503691,40.5536588,49.924348,,,bus_stop,
11119503692,40.5518164,49.9236144,,,bus_stop,
11126126241,40.5284019,49.8709908,Dayanacaq,,bus_stop,
11132732121,40.5481103,49.6563189,,,bus_stop,
11132732122,40.5626923,49.6706553,,,bus_stop,
11132732123,40.5651864,49.6716437,,,bus_stop,
11132732130,40.5646087,49.6748328,,,bus_stop,
11132732131,40.5609277,49.6802174,,,bus_stop,
11132732132,40.5589898,49.6825013,,,bus_stop,
11132732135,40.5568481,49.6849112,,,bus_stop,
11132732137,40.5527193,49.6943633,,,bus_stop,
11132732138,40.5515474,49.6901187,,,bus_stop,
11132732139,40.5562428,49.6884276,,,bus_stop,
11132732140,40.5542712,49.68804,,,bus_stop,
11132732141,40.5537729,49.6853766,,,bus_stop,
11132732142,40.5497662,49.672447,,,bus_stop,
11132732143,40.5493005,49.6653137,,,bus_stop,
11132732146,40.549114,49.6629721,,,bus_stop,
11132732147,40.5522709,49.6624397,,,bus_stop,
11132732148,40.5561837,49.671759,,,bus_stop,
11132732151,40.5587789,49.6714251,,,bus_stop,
11142157428,40.5564466,49.6097249,Sumqayıtçay Stansiyası,,station,
11150467739,40.4507149,49.6874916,Bakı-Şamaxı şos. X.R.Ulutürk küç.,,bus_stop,
11150467740,40.4502231,49.6880695,Bakı-Şamaxı şos. X.R.Ulutürk küç.,,bus_stop,
11150467741,40.4477758,49.6970281,,,bus_stop,
11150467742,40.444273,49.7019822,,,bus_stop,
11150467743,40.4446466,49.685052,,,bus_stop,
11150467744,40.4360636,49.68401,551 sonuncu,,bus_stop,
11150467745,40.4385532,49.6842313,,,bus_stop,
11150467746,40.4440097,49.6868867,,,bus_stop,
11150467747,40.4463888,49.6933012,,,bus_stop,
11150467748,40.4442312,49.6911943,,,bus_stop,
11173818726,40.3914546,49.9658237,,,bus_stop,
11184318478,40.4027104,49.7097793,"140, 567",,bus_stop,
11184318481,40.3721105,49.7302285,"140, 567",,bus_stop,
11184318500,40.3831258,49.7219217,"140, 567",,bus_stop,
11184318501,40.3876083,49.7189739,"140, 567",,bus_stop,
11191545480,40.3440051,49.7501251,,,bus_stop,
11194671201,40.3263288,49.7819334,,,bus_station,
11196207114,40.3252256,49.7728367,Avtovağzal,,bus_station,
11203459167,40.3069788,49.7976176,Salyan şos. yerüstü piyada keçidi,,bus_stop,
11234364073,40.6015097,46.7771056,Goranboy Avtovağzalı,,bus_station,
11237791414,40.4214947,49.7780851,Xocəsən metro stansiyası,,subway_entrance,
11239771958,40.3340773,48.1559086,Avtovağzal Kürdəmir,,bus_station,
11242181006,40.229939,47.7075398,Avtovağzal,,bus_station,
11244672104,40.7884416,48.1700211,Avtovağzal,,bus_station,
11272945485,40.3172706,49.7260134,,,bus_stop,
11281520288,40.4194953,49.9196293,Koroğlu,,stop_position,
11302302410,40.3616339,49.9465698,Gənclik parkı,,bus_stop,
11302302421,40.4049041,49.8848568,Dövlət Neft Şirkəti,State Oil Company,bus_stop,
11329492026,40.3716744,49.8203118,201 saylı uşaq bağçası,,bus_stop,
11339217853,39.9491489,49.4045627,Yeni Ələt Deposu,,station,
11343263921,39.9758231,49.2619818,Atbulaq Stansiyas;,,station,
11349493678,40.6093161,49.6275884,SK Zavodu,,bus_stop,
11349493679,40.609706,49.6247855,,,bus_stop,
11364919946,40.6082898,49.5753229,,,bus_stop,
11365027884,40.3992249,49.8508058,Gənclik m/st (Ə. Ağaoğlu küç.),,bus_stop,
11365027907,40.4005006,49.8508967,Gənclik metro stansiyası,,bus_stop,
11365027908,40.4011627,49.8519804,Gənclik m/st (Atatürk pr.),,bus_stop,
11379724597,40.4393677,49.7572942,Bakı-Şamaxı şos. Çıraqlı küç. ilə kəs.,,bus_stop,
11379724598,40.4390419,49.7573288,Bakı-Şamaxı şos. Çıraqlı küç. ilə kəs.,,bus_stop,
11379724603,40.4422493,49.7434144,Hökmәli dairәsi,,bus_stop,
11379724617,40.4431051,49.7223332,Xırdalan elektrik yarımstansiyası 1,,bus_stop,
11379724648,40.4637059,49.6440834,306 nömrəli tam orta mәktәb,,bus_stop,
11379724649,40.4634284,49.643842,306 nömrəli tam orta mәktәb,,bus_stop,
11381354266,40.4619767,49.6315947,4 yol,,bus_stop,
11420339973,40.6945324,46.3610004,,,bus_stop,
11431593524,40.4133537,49.8482918,DİN Respublika Hospitalı,,bus_stop,
11431593525,40.415513,49.8580458,Ziya Bünyadov pr. 170,,bus_stop,
11431594587,40.420545,49.8547333,Əhməd Rəcəbli küçəsi 269,,bus_stop,
11431607798,40.4145672,49.8541487,Ziya Bünyadov pr. 38,,bus_stop,
11431611512,40.4258165,49.8560425,Binəqədi Rayon Məhkəməsi,,bus_stop,
11431617404,40.4189198,49.8550378,Ağdam rayon 32 nömrəli tam orta məktəb,,bus_stop,
11431621369,40.4158001,49.8552743,4 saylı Bakı DOST Mərkəzi,,bus_stop,
11488896742,40.8230248,46.0337368,Avtovağzal,,bus_station,
11516257698,41.8057174,48.5185786,2451 км,,stop_position,
11516257699,41.8057432,48.5186158,2451 км,,stop_position,
11516257706,41.8135697,48.5090425,2449 км,,stop_position,
11516257707,41.8135419,48.5090032,2449 км,,stop_position,
11516257715,41.7902603,48.541771,Граница 2454 км,,stop_position,
11516257716,41.7903062,48.5418187,Граница 2454 км,,stop_position,
11516257717,41.7902832,48.5417948,Граница 2454 км,Granitsa (Border),halt,
11523019414,40.6676228,46.7345363,DEPO Kürəkçay \ Borsunlu,,station,
11528272195,40.3484926,49.9611107,Cәmşid Naxçıvanski adına Hәrbi Lisey,,bus_stop,
11528272196,40.3428981,49.9730006,Zığ Sağlamlıq Mәrkәzinin Poliklinikası,,bus_stop,
11528276116,40.342009,49.9770492,Polad Həşimov küçəsi 248,,bus_stop,
11528278894,40.3426035,49.9689131,Polad Həşimov küçəsi 180,,bus_stop,
11528299372,40.3427957,49.9652108,H. Əliyev adına Azərbaycan Ali Hərbi Məktəbi,,bus_stop,
11530151159,40.3420722,49.9775348,Polad Həşimov küçəsi 59,,bus_stop,
11549669066,40.201502,49.5136284,Ümid qəs.,,bus_stop,
11557792229,40.9219745,45.8706772,,,bus_stop,
11557792230,40.9230101,45.8698726,,,bus_stop,
11622641263,40.4028217,49.8706376,Nəriman Nərimanov,Nariman Narimanov,station,
11622641264,40.3998793,49.850956,Gənclik,Ganjlik,station,
11622641266,40.3717258,49.8445724,Sahil,,station,
11622641267,40.3659588,49.8316472,İçərişəhər,Icherisheher,station,
11626573112,40.4194163,49.9196303,Koroğlu,,halt,
11626573113,40.5611012,49.6812593,Sumqayıt,,stop_position,
11660218355,39.4052412,47.0336375,,,bus_stop,
11660218356,39.4040848,47.0325297,,,bus_stop,
11660218388,39.3858318,47.0396993,,,bus_stop,
11660218389,39.3830933,47.0433149,,,bus_stop,
11660218390,39.3523232,47.0897171,,,bus_stop,
11660218391,39.3523709,47.0880246,,,bus_stop,
11660307729,39.5028321,47.0843178,,,bus_stop,
11660307730,39.5032915,47.0815229,,,bus_stop,
11660307731,39.4928436,47.1174914,,,bus_stop,
11660307732,39.4933569,47.1190578,,,bus_stop,
11660307745,39.4859754,47.1294701,,,bus_stop,
11660307746,39.487499,47.1293843,,,bus_stop,
11660315577,39.4540848,47.1164721,,,bus_stop,
11660315578,39.4554848,47.1186447,,,bus_stop,
11660315580,39.4415498,47.0999229,,,bus_stop,
11660315581,39.4432774,47.1012264,,,bus_stop,
11660315619,39.4137047,47.0786476,,,bus_stop,
11660315620,39.411906,47.0775533,,,bus_stop,
11746508581,40.4216706,49.777924,Xocəsən m/st,,bus_stop,
11758459558,40.4170434,49.824143,Mirmahmud Kazımovski küçəsi 32,,bus_stop,
11758972315,40.4211608,49.8189018,Zərifə Əliyeva parkı 1,,bus_stop,
11760387618,40.371785,49.8446367,Sahil Metrosu,,subway_entrance,
11766165307,40.4241486,49.823723,Nəsimi metrosu 3,,bus_stop,
11766179603,40.4182536,49.8210842,Əlillərin Bərpa Mərkəzi 2,,bus_stop,
11769416656,41.7032294,46.3822469,,,bus_stop,
11783900156,40.7575058,46.1838869,,,bus_stop,
11783900157,40.7583936,46.1829991,,,bus_stop,
11800205104,40.4622468,50.0501134,Terminal 2,,bus_stop,
11802822620,40.4150219,49.8928285,Ulduz,,platform,
11802822621,40.4171623,49.9080298,,,platform,
11802822622,40.4214987,49.9165821,,,platform,
11802822623,40.4411812,49.9483263,,,platform,
11802822624,40.439142,49.9540543,,,platform,
11802822625,40.4391381,49.9610739,,,platform,
11802822626,40.4369525,49.9732144,,,platform,
11802822627,40.4308703,49.9873582,,,platform,
11802822628,40.4280529,49.9928029,,,platform,
11802822629,40.4257097,49.9969408,,,platform,
11802822630,40.4209878,50.0038516,,,platform,
11802822631,40.4208517,50.0036653,,,platform,
11802822632,40.4227272,50.0007769,,,platform,
11802822633,40.4254421,49.9972546,,,platform,
11802822634,40.4308779,49.9870369,,,platform,
11802822635,40.4325469,49.9836712,,,platform,
11802822636,40.4340371,49.9808325,,,platform,
11802822637,40.4352664,49.9777392,,,platform,
11802822638,40.4377362,49.9701628,,,platform,
11809252073,40.3621515,49.8268166,Çəmbərəkənd parkı,,bus_stop,
11809252074,40.3680506,49.8299851,Axundov bağı,Akhundov Garden,bus_stop,
11810454533,40.410316,49.81482,4,,subway_entrance,
11811491569,40.4206902,49.8279656,30 nömrəli məktəb,,bus_stop,
11813198969,40.4183996,49.7979746,Mərkəzi Avtovağzal Bakı - Giriş 1,Central Bus Station 1 Baku,bus_station,
11841293817,40.8224374,47.6945707,Qəbələ,,stop_position,
11841293818,40.6409459,47.5578115,Ağdaş,,stop_position,
11841445531,40.4328923,49.8035372,Biləcəri,,stop_position,
11841445532,40.948483,45.7383535,Qovlar Demir Yol Stansiyasi,,stop_position,
11841445533,40.6203189,47.1494065,Yevlax Stansiyası,,stop_position,
11841445534,40.6532069,46.85195,Goran Stansiyası,,stop_position,
11841445535,40.7145534,46.366326,Gəncə,Ganja,stop_position,
11841445536,40.8683087,46.0361588,Dəllər Stansiyası,,stop_position,
11865851320,40.3767864,49.8673389,Ağ Şәhәr Bulvarı,,bus_stop,
11874802169,40.3907661,49.7886176,Şuşa şəhəri 1 nömrəli tam orta məktəb,,bus_stop,
11874809069,40.3937581,49.7948268,Əsəd Əhmədov küçəsi 7,,bus_stop,
11874809969,40.3943295,49.800978,Əsəd Əhmədov küçəsi 5,,bus_stop,
11874818469,40.3915529,49.8024158,İnşaatçılar m/st,,bus_stop,
11874818970,40.4001046,49.7969683,Məhəmməd Xiyabani küçəsi 312,,bus_stop,
11874821469,40.3888234,49.8028296,İnşaatçılar m/st,,bus_stop,
11874824269,40.3848041,49.8034414,1 saylı Rabitə Xidmətləri Mərkəzi,,bus_stop,
11874826369,40.3823064,49.8037501,A. M. Şərifzadə küçəsi 201C,,bus_stop,
11874826370,40.3950212,49.7890322,Yeni Yasamal parkı (17),,bus_stop,
11874826869,40.3949936,49.789442,"Yeni Yasamal parkı (7B, 39)",,bus_stop,
11874833769,40.4000835,49.7939765,Məhəmməd Xiyabani küçəsi 248,,bus_stop,
11874834170,40.3999668,49.7998052,12 saylı poçt şöbəsi,,bus_stop,
11874848569,40.3949399,49.8018941,DSMF Yasamal Rayon Şöbəsi,,bus_stop,
11874854069,40.4048265,49.8032014,Bakı Dövlət Rabitə və Nəqliyyat Kolleci,,bus_stop,
11874856569,40.4018016,49.8019475,İTV,,bus_stop,
11874862469,40.3901779,49.7943528,Murad Mirzəyev küçəsi 12,,bus_stop,
11874862470,40.3959205,49.7968403,286 nömrəli tam orta məktəb,,bus_stop,
11874868969,40.3995008,49.7971717,Dadaş Bünyadzadə küçəsi 314,,bus_stop,
11874870169,40.3955977,49.7925645,17 saylı poçt şöbəsi,,bus_stop,
11874880569,40.4019989,49.8023268,Respublika Məhkəmə-Tibb Ekspertizası,,bus_stop,
11874880969,40.4040756,49.8031508,Respublika Klinik Xəstəxanası,,bus_stop,
11874885269,40.4025513,49.8067515,20 Yanvar m/st (Zərdabi küç.),,bus_stop,
11874910269,40.4049115,49.8149974,Ceyhun Səlimov küçəsi 19,,bus_stop,
11875837569,40.4055982,49.8227598,Ə. Salamzadə küçəsi 82,,bus_stop,
11875839469,40.4085599,49.826298,Ziya Bünyadov prospekti 3,,bus_stop,
11875844673,40.4068904,49.8056214,Azərbaycanfilm Kinostudiyası,Azerbaijanfilm,bus_stop,
11875844975,40.3930219,49.8209526,Tbilisi prospekti 45,,bus_stop,
11875853969,40.3865889,49.8276776,Mehdi Hüseynzadə parkı,,bus_stop,
11875854272,40.3836778,49.829007,3 nömrəli Şəhər Poliklinikası,,bus_stop,
11875855769,40.3794751,49.8302561,Nizami m/st,,bus_stop,
11875855770,40.3765042,49.8319236,Xarici İşlər Nazirliyi,,bus_stop,
11875869669,40.3801113,49.8107918,Ə. Haqverdiyev küçəsi 11,,bus_stop,
11875871169,40.3807839,49.8078472,Qəzənfər Musabəyov parkı,,bus_stop,
11875872969,40.37886,49.8207051,175 nömrəli tam orta məktəb,,bus_stop,
11875876569,40.3799527,49.8044247,A. M. Şərifzadə küçəsi 228,,bus_stop,
11875877469,40.3823704,49.8040603,Yasamal bələdiyyəsi,,bus_stop,
11875878169,40.3857435,49.8035729,Təcili Tibbi Yardım Stansiyası,,bus_stop,
11875879269,40.3888421,49.8030721,İnşaatçılar m/st,,bus_stop,
11875879769,40.3915764,49.8026415,İnşaatçılar m/st,,bus_stop,
11875896370,40.3944339,49.8012366,52 nömrəli tam orta məktəb,,bus_stop,
11876005070,40.3926242,49.7914294,Əsəd Əhmədov küçəsi 76A,,bus_stop,
11876005071,40.3912029,49.7890334,Şuşa şəhəri 1 nömrəli tam orta məktəb,,bus_stop,
11876005669,40.3953439,49.8020848,Topçubaşov adına Elmi-Cərrahiyə Mərkəzi,,bus_stop,
11876005670,40.3938254,49.7947598,Əsəd Əhmədov küçəsi 19,,bus_stop,
11876007269,40.3994564,49.8016161,2 nömrəli Bakı Baza Tibb Kolleci,,bus_stop,
11876011270,40.4002351,49.7961166,Məhəmməd Xiyabani küçəsi 129,,bus_stop,
11876012569,40.3899478,49.7873089,Su Nəqliyyatında Polis İdarəsi,,bus_stop,
11876013469,40.389642,49.7870942,Su Nəqliyyatında Polis İdarəsi,,bus_stop,
11876013470,40.4001702,49.7939116,Məhəmməd Xiyabani küçəsi 117,,bus_stop,
11876021471,40.3988211,49.797014,286 nömrəli tam orta məktəb,,bus_stop,
11876021569,40.4001101,49.7987787,12 saylı poçt şöbəsi,,bus_stop,
11876022869,40.3973779,49.7915128,Məhəmməd Xiyabani küçəsi 43,,bus_stop,
11876024769,40.3959878,49.796769,286 nömrəli tam orta məktəb,,bus_stop,
11876024770,40.3901835,49.7941343,Murad Mirzəyev küçəsi 13B,,bus_stop,
11876026069,40.3952683,49.7927267,98 saylı uşaq bağçası,,bus_stop,
11876033069,40.4051646,49.8033054,Azərbaycan Dövlət Film Fondu,Azerbaijan State Film Fund,bus_stop,
11876145769,40.4006931,49.8107152,Tbilisi prospekti 92,,bus_stop,
11876175569,40.385269,49.804334,158 nömrəli tam orta məktəb,,bus_stop,
11876175570,40.3856948,49.8097504,Akim Abbasov küçəsi 68,,bus_stop,
11876177969,40.3852298,49.8158943,Avropa-Azərbaycan məktəbi,,bus_stop,
11876182669,40.3794937,49.8060989,21 nömrəli tam orta məktəb,,bus_stop,
11876184369,40.3799206,49.8109112,Ə. Haqverdiyev küçəsi 28,,bus_stop,
11876185769,40.3801412,49.813702,Ə. Haqverdiyev küçəsi 50,,bus_stop,
11876334369,40.3782024,49.8044159,3 saylı ASAN xidmət mərkəzi,,bus_stop,
11876335169,40.3744208,49.8049844,10 nömrəli uşaq bağçası,,bus_stop,
11876335170,40.3720597,49.8060099,Azad Azərbaycan Teleradio və Yayım Şirkəti,,bus_stop,
11876335171,40.3699461,49.806769,A.M.Şərifzadə küçəsi 1,,bus_stop,
11876339869,40.3685738,49.8098971,Hacı Cavad məscidi,Haji Javad Mosque,bus_stop,
11876339870,40.3686857,49.8125604,Bakı Apellyasiya Məhkəməsi,,bus_stop,
11876350169,40.3666761,49.8125834,Seyfəddin Dağlı küçəsi 25,,bus_stop,
11876357570,40.3800109,49.8187083,Mərkəzi Dənizçilər Xəstəxanası,,bus_stop,
11876376669,40.3744892,49.8094625,Bakı Dövlət Universiteti,Baku State University,bus_stop,
11876376670,40.3689374,49.8091144,Hacı Cavad məscidi,,bus_stop,
11876378869,40.3690794,49.8101543,Azərbaycan Nəşriyyatı,Azernashr,bus_stop,
11876383769,40.3700433,49.806905,Ağdam rayonu 88 nömrəli tam orta məktəb,,bus_stop,
11876383770,40.3768219,49.804866,68 saylı uşaq bağçası,,bus_stop,
11876390769,40.3721783,49.8060475,Azad Azərbaycan Teleradio və Yayım Şirkəti,,bus_stop,
11876393069,40.3743555,49.8052455,10 saylı uşaq bağçası,,bus_stop,
11876396869,40.3680475,49.8232518,Nəriman Nərimanov heykəli,,bus_stop,
11876397569,40.3907014,49.8228028,153 nömrəli tam orta məktəb,,bus_stop,
11876399269,40.3812108,49.8245506,Vergi Cinayətlərinin İbtidai Araşdırılma Dep.,,bus_stop,
11876399270,40.3880517,49.8271444,Tbilisi prospekti 2,,bus_stop,
11876407269,40.3898649,49.8233227,İzmir küçəsi 12,,bus_stop,
11876427070,40.3849783,49.8295933,Zivərbəy Əhmədbəyov küçəsi 72,,bus_stop,
11876436469,40.3911987,49.8237393,H.Əliyev adına İdman Konsert Kompleksi,H.Aliyev Sports and Concert Complex,bus_stop,
11876463969,40.3987558,49.8125205,Qaçqın və Məcburi Köçkünlərin işləri üzrə DK,,bus_stop,
11876669670,40.397086,49.8059079,Nəsrəddin Tusi adına Klinika,,bus_stop,
11876671669,40.3970683,49.8061123,Bakı Biznes Universiteti,,bus_stop,
11876681769,40.4021374,49.8061874,20 Yanvar m/st (Zərdabi küç.),,bus_stop,
11876685669,40.4118325,49.8394489,Ziya Bünyadov prospekti 7,,bus_stop,
11876693369,40.4088775,49.8257606,Xutor qəsəbəsi,,bus_stop,
11876693370,40.381221,49.8166107,Şəfaət Mehdiyev küçəsi 74,,bus_stop,
11876694469,40.4072002,49.8184953,19 nömrəli tam orta məktəb,,bus_stop,
11876699369,40.4064257,49.8149225,Alı Mustafayev küçəsi 7,,bus_stop,
11876701069,40.4049282,49.8086637,20 Yanvar m/st (M. Cəfərov küç.),,bus_stop,
11876714869,40.3853999,49.8160675,Şəfaət Mehdiyev küçəsi 80,,bus_stop,
11876716969,40.3862808,49.8150305,Akim Abbasov küçəsi 17,,bus_stop,
11876722869,40.3858528,49.8097049,Akim Abbasov küçəsi 119,,bus_stop,
11876723569,40.3855141,49.8055347,158 nömrəli tam orta məktəb,,bus_stop,
11876727269,40.3814398,49.816442,Şəfaət Mehdiyev küçəsi 107,,bus_stop,
11876758270,40.3946609,49.847712,Dədə Qorqud parkı,,bus_stop,
11876790469,40.3751637,49.833673,Füzuli meydanı,,bus_stop,
11876790470,40.3780349,49.8456277,Azərbaycan Milli Konservatoriyası,National Conservatory of Azerbaijan,bus_stop,
11876790969,40.3772777,49.8415577,Heydər Əliyev Sarayı,,bus_stop,
11876796969,40.3783061,49.8413995,Heydər Əliyev Sarayı,,bus_stop,
11876796970,40.376188,49.833789,Qış parkı,,bus_stop,
11880946070,40.4199365,49.8126887,Favorit market 1,,bus_stop,
11880955170,40.4236199,49.8178034,9 nömrəli Şəhər Poliklinikası,,bus_stop,
11880975269,40.4158176,49.8069977,32 saylı notariat kontoru,,bus_stop,
11880998969,40.4116625,49.8044739,Asif Məhərrəmov küçəsi 86,,bus_stop,
11891071769,40.4137439,49.804511,Mir Cəlal küçəsi,,bus_stop,
11891074869,40.415583,49.80704,Mir Cəlal küçəsi 132,,bus_stop,
11891081369,40.4169671,49.8089155,267 nömrəli tam orta məktəb,,bus_stop,
11891083569,40.4206815,49.8140842,Mir Cəlal küçəsi 310,,bus_stop,
11891086569,40.4232947,49.8176931,157 saylı məktəb,,bus_stop,
11891087070,40.4214405,49.8187265,Zərifə Əliyeva parkı 2,,bus_stop,
11891096169,40.4218705,49.820422,Milli Oftalmologiya Mərkəzi,,bus_stop,
11891097069,40.4248896,49.8225385,Zeytun bağı,,bus_stop,
11891098869,40.4300693,49.8245053,9 saylı TTY stansiyası,,bus_stop,
11891098870,40.4280596,49.8228862,107 saylı poçt şöbəsi,,bus_stop,
11891098871,40.4121686,49.8462652,Atatürk prospekti 159,,bus_stop,
11891100269,40.4268911,49.8215979,Həmzə Babaşov dairəsi,,bus_stop,
11891106669,40.413491,49.8469967,Ziya Bünyadov pr. 19,,bus_stop,
11891112569,40.4030522,49.8495294,Nərimanov Rayon Prokurorluğu,,bus_stop,
11891117169,40.4119814,49.8472039,Atatürk parkı,,bus_stop,
11891252170,40.4087185,49.8092284,12 nömrəli Uşaq Poliklinikası,,bus_stop,
11891253872,40.4019524,49.8204953,8 Noyabr m/st,,bus_stop,
11891254069,40.4071955,49.8119346,Asif Məhərrəmov küçəsi 17,,bus_stop,
11891258169,40.410588,49.8154245,Memar Əcəmi m/st,,bus_stop,
11891264869,40.4076538,49.8115315,Asif Məhərrəmov küçəsi 22,,bus_stop,
11891265369,40.4091328,49.8089254,Asif Məhərrəmov küçəsi 140A,,bus_stop,
11891266970,40.4036309,49.8179409,Ceyhun Səlimov küçəsi 24,,bus_stop,
11891393769,40.4121526,49.856942,11 nömrəli tam orta məktəb,,bus_stop,
11891394169,40.4088237,49.8590235,Qərb Universiteti (2 saylı korpus),,bus_stop,
11900373958,40.4131019,49.8280757,Eldar Babayev küçəsi 15,,bus_stop,
11900373959,40.4134083,49.8276545,Eldar Babayev,,bus_stop,
11909114969,40.3918268,49.8574738,Əhməd bəy Ağaoğlu küçəsi 29,,bus_stop,
11909119569,40.390948,49.8588688,Əhməd bəy Ağaoğlu küçəsi 4,,bus_stop,
11909119570,40.3908539,49.8554816,Bakı Humanitar Kolleci,,bus_stop,
11909130770,40.3881208,49.8525345,Təbriz küçəsi 25,,bus_stop,
11909130969,40.3934124,49.8598549,7 N-li Uşaq Yoluxucu Xəstəliklər Xəstəxanası,,bus_stop,
11909131769,40.3850751,49.8507991,Təbriz küçəsi 30,,bus_stop,
11909132369,40.384576,49.8527346,304 nömrəli tam orta məktəb,,bus_stop,
11909137870,40.3928636,49.8578828,Təbriz küçəsi 71,,bus_stop,
11909140770,40.3840464,49.8499888,Təbriz küçəsi 3,,bus_stop,
11909148369,40.3881383,49.8527553,Təbriz küçəsi 50,,bus_stop,
11909148770,40.3934914,49.8589813,Əməyin Mühafizəsi Elmi-Tədqiqat İnstitutu,,bus_stop,
11909150169,40.3966122,49.8629623,Təbriz küçəsi 128,,bus_stop,
11910724275,40.4182441,49.8208651,Əlillərin Bərpa Mərkəzi 1,,bus_stop,
11922139769,40.3984379,49.8320853,Azərbaycan Tibb Universiteti,Azerbaijan Medical University,bus_stop,
11922142169,40.3999989,49.8392163,42 saylı uşaq bağçası,,bus_stop,
11922142172,40.4015781,49.8461168,Həsən Əliyev küçəsi 80,,bus_stop,
11922149369,40.3938727,49.8626242,Qərbi Azərbaycan İcması - Gülarə Qədirbəyova küçəsi,,bus_stop,
11922156869,40.4104514,49.8951041,Heydər Əliyev prospekti 94,,bus_stop,
11922170569,40.417218,49.9080446,5 saylı ASAN xidmət mərkəzi,,bus_stop,
11922170570,40.4109716,49.8950588,Milli Gəlirlər Departamenti,,bus_stop,
11922180569,40.4008579,49.8779882,Mərkəzi İncəsənət Məktəbi,,bus_stop,
11922190871,40.3983772,49.831205,Dövlət İmtahan Mərkəzi,State Examination Center,bus_stop,
11933021971,40.405687,49.8360839,Azadlıq prospekti 287,,bus_stop,
11933024670,40.3829024,49.8388645,Bakı Dövlət Sirki,Baku State Circus,bus_stop,
11933024671,40.3943815,49.8362083,Nəsimi Rayon Mühafizə İdarəsi,,bus_stop,
11933030170,40.397212,49.8351323,ADPU 3-cü korpus,,bus_stop,
11933034369,40.3985212,49.8387466,23 saylı musiqi məktəbi,,bus_stop,
11933038369,40.3813961,49.8389752,Bakı Dövlət Sirki,Baku State Circus,bus_stop,
11941520969,40.4255991,49.8596803,"Dərnəgül m/st (3, 93)",,bus_stop,
11941526469,40.4262662,49.8389748,Azadlıq prospekti 168,,bus_stop,
11941530069,40.4242686,49.8462456,178 saylı uşaq bağçası,,bus_stop,
11941531069,40.4216439,49.8461562,Şövkət Məmmədova küçəsi 25,,bus_stop,
11941531070,40.418629,49.8438836,18 nömrəli Bakı Peşə Liseyi,,bus_stop,
11941531569,40.4166618,49.8448398,Atatürk prospekti 211,,bus_stop,
11941548369,40.4169566,49.8460271,Atatürk prospekti 220,,bus_stop,
11941548370,40.4194758,49.8462302,Şövkət Məmmədova küçəsi 24,,bus_stop,
11941549169,40.4219534,49.8463414,Şövkət Məmmədova küçəsi 36,,bus_stop,
11941549369,40.424663,49.8464055,Şövkət Məmmədova küçəsi 48,,bus_stop,
11941557370,40.4250449,49.8600495,Dərnəgül m/st (2),,bus_stop,
11941564569,40.4253363,49.8406315,Azadlıq prospekti m/st,,bus_stop,
11942153270,40.3829643,49.8722523,Xətai m/st,,bus_stop,
11942162569,40.3786119,49.8520619,Muğan bağı,,bus_stop,
11942162869,40.3750697,49.854131,Hökümət evi,,bus_stop,
11942163769,40.3827427,49.8642669,Əmlək Məsələləri Dövlət Komitəsi,,bus_stop,
11942169171,40.3798525,49.8591364,28 May küçəsi 71,,bus_stop,
11942179369,40.3802587,49.85624,Dilarə Əliyeva küçəsi 251,,bus_stop,
11942262969,40.3722301,49.8306692,Murtuza Muxtarov küçəsi 29,,bus_stop,
11942263769,40.3706666,49.8310077,Respublika Prokurorluğunun Tarix Muzeyi,,bus_stop,
11942263770,40.365617,49.8308939,İçərişəhər m/st,,bus_stop,
11942272369,40.3741622,49.8326256,Respublika Şahmat Mərkəzi,Republican Chess Center,bus_stop,
11942868070,40.4022103,49.8603705,Respublika Talassemiya Mərkəzi,,bus_stop,
11942899869,40.4029891,49.8636535,Fətəli xan Xoyski küçəsi 134,,bus_stop,
11942899870,40.4043819,49.8664036,2 nömrəli Bakı Peşə Məktəbi,,bus_stop,
11942903469,40.406909,49.8626308,Albert Aqarunov küçəsi 3,,bus_stop,
11942905169,40.4085507,49.8596278,Qərb Universiteti (2 saylı korpus),,bus_stop,
11942919469,40.4112598,49.8578958,11 nömrəli tam orta məktəb,,bus_stop,
11944140569,40.4066254,49.8628188,Albert Aqarunov küçəsi 114,,bus_stop,
11944141169,40.4060737,49.8661364,Əhməd Rəcəbli küçəsi 69,,bus_stop,
11944141869,40.4046029,49.8664239,Fətəli xan Xoyski küçəsi 107B,,bus_stop,
11944142869,40.402742,49.861645,5 nömrəli Şəhər Klinik Xəstəxanası,,bus_stop,
11944144369,40.4011536,49.8543672,200 saylı məktəb,,bus_stop,
11944145069,40.3982618,49.8399539,Bakı Sağlamlıq Mərkəzi,,bus_stop,
11944145070,40.3881428,49.8321498,Sevil Qazıyeva parkı,,bus_stop,
11944145669,40.3941139,49.8406207,Azadlıq prospekti 175,,bus_stop,
11944145869,40.3927867,49.8407675,Hənifə Ələsgərov 21,,bus_stop,
11944149569,40.3897799,49.8340931,Müasir Təhsil Kompleksi,,bus_stop,
11944792880,40.3832673,49.8720804,,,subway_entrance,
11944996670,40.4152218,49.8143275,111 nömrəli tam orta məktəb,,bus_stop,
11945002169,40.4165434,49.8164418,Cavadxan küçəsi 116,,bus_stop,
11945003869,40.4185482,49.8177319,Göz klinikası 2,,bus_stop,
11945088770,40.4110371,49.8142108,Memar Əcəmi m/st (Cavadxan küç.),,bus_stop,
11945094069,40.4238278,49.8221508,Zərifə Əliyeva parkı,,bus_stop,
11945152870,40.3638852,49.8188343,20 nömrəli tam orta məktəb,,bus_stop,
11945163070,40.3696397,49.8339929,Respublika Klinik Uroloji Xəstəxana,,bus_stop,
11945163769,40.3650367,49.8273676,Mehdi Hüseyn küçəsi 28,,bus_stop,
11945165269,40.3664994,49.8290622,Dövlət İdarəçilik Akademiyası,Academy of Public Administration,bus_stop,
11945171469,40.3617242,49.8266981,Çəmbərəkənd parkı,,bus_stop,
11945173369,40.3640497,49.8189136,20 nömrəli tam orta məktəb,,bus_stop,
11948462969,40.3742449,49.7959511,Müstəqillik küçəsi 7,,bus_stop,
11948465869,40.3765571,49.795435,Yasamal Yaşayış Kompleksi (MİDA),,bus_stop,
11948465870,40.3792561,49.8028819,3 saylı ASAN xidmət mərkəzi,,bus_stop,
11948471469,40.3788071,49.7982763,N. Hikmət və Ü. Ələkbərov küç. kəs.,,bus_stop,
11948471470,40.3795019,49.8035053,Nazim Hikmət küçəsi 45,,bus_stop,
11948498269,40.3789487,49.7978492,N. Hikmət və Ü. Ələkbərov küç. kəs.,,bus_stop,
11948498270,40.3738691,49.795828,Müstəqillik küçəsi 4,,bus_stop,
11952250970,40.3810257,49.8489697,Bakı Dəmiryol Vağzalı,Baku railway station,bus_stop,
11952255269,40.3726005,49.8478695,Azərbaycan Dövlət Pedaqoji Universiteti,Azerbaijan State Pedagogical University,bus_stop,
11952262169,40.3474995,49.8366121,33 nömrəli Şəhər Poliklinikası,Polyclinic No. 33,bus_stop,
11952284769,40.385914,49.8409943,Rəşid Behbudov küçəsi 150,,bus_stop,
11952306269,40.4187849,49.9267542,12 nömrəli tam orta məktəb,,bus_stop,
11952306270,40.3968385,49.9528841,Xalqlar Dostluğu m/st,,bus_stop,
11952306271,40.3857755,49.9537698,Əhmədli m/st,,bus_stop,
11952309769,40.4050672,49.9468935,Qara Qarayev prospekti 102,,bus_stop,
11952309771,40.3913984,49.9537593,64 nömrəli tam orta məktəb,,bus_stop,
11952309772,40.3891733,49.9537272,Məhəmməd Hadi küçəsi 106,,bus_stop,
11952310570,40.3940875,49.9537246,Sərhədçi İdman Olimpiya Mərkəzi,,bus_stop,
11952322169,40.3802516,49.9538194,Xətai Rayon Məhkəməsi,,bus_stop,
11952323669,40.3752401,49.9535792,254 nömrəli tam orta məktəb,,bus_stop,
11952334369,40.3720134,49.9536339,Həzi Aslanov m/st,,bus_stop,
11952337569,40.3756327,49.9538919,Məhəmməd Hadi küçəsi 335,,bus_stop,
11952338669,40.3800779,49.9541741,Xətai Rayon Məhkəməsi,,bus_stop,
11952338670,40.3892688,49.9541294,Məhəmməd Hadi küçəsi 57,,bus_stop,
11952340669,40.3855462,49.9540864,Əhmədli m/st,,bus_stop,
11952341269,40.392217,49.95407,Məhəmməd Hadi küçəsi 45,,bus_stop,
11952342869,40.3974874,49.9527535,Xalqlar Dostluğu m/st,,bus_stop,
11952342870,40.4063675,49.9463322,Qara Qarayev prospekti 233,,bus_stop,
11952344369,40.4026048,49.9490259,Qara Qarayev prospekti 57,,bus_stop,
11952344370,40.4093833,49.9441538,Neftçilər m/st,,bus_stop,
11952367569,40.4201725,49.9163463,Koroğlu m/st (Milli Gimnastika Arenası),Koroğlu station (National Gymnastics Arena),bus_stop,
11952368269,40.4149178,49.9237083,Mehdi Abbasov küçəsi 6,,bus_stop,
11952371269,40.4143477,49.9264617,Mehdi Abbasov küçəsi 34,,bus_stop,
11952372169,40.4152177,49.9302729,7 nömrəli Doğum Evi,,bus_stop,
11952372469,40.4166936,49.9308101,Azər Manafov küçəsi 62,,bus_stop,
11953102771,40.4228665,49.8299894,Məsud Davudoğlu küçəsi 29,,bus_stop,
11953125469,40.4233047,49.8342644,Məsud Davudoğlu küçəsi 1/7,,bus_stop,
11953125470,40.4213901,49.8370176,115 nömrəli tam orta məktəb,,bus_stop,
11953126969,40.4190362,49.8366608,Əmək və Sosial Münasibətlər Akademiyası,,bus_stop,
11953126970,40.4126374,49.835521,Siqnal Layihə-İstehsalat İdarəsi,,bus_stop,
11953126971,40.4220619,49.8363152,20 nömrəli Uşaq Poliklinikası,,bus_stop,
11953128369,40.4115353,49.8348487,Milli Arxiv İdarəsi,,bus_stop,
11953130069,40.4234747,49.8340406,Məsud Davudoğlu küçəsi 37,,bus_stop,
11953130070,40.4230266,49.830484,Məsud Davudoğlu küçəsi 30,,bus_stop,
11978959974,40.3557369,49.8209289,Səbail rayon Polis İdarəsi,,bus_stop,
11978960070,40.3509908,49.8107039,Badamdar şosesi 296,,bus_stop,
11978978169,40.3576318,49.8245323,AzTV,,bus_stop,
11978978170,40.3522307,49.8120116,Abbasqulu Abbaszadə küçəsi 9,,bus_stop,
11978979369,40.3547756,49.8178401,Bakı Oksford Məktəbi,,bus_stop,
11978979370,40.3442558,49.8105684,Badamdar şosesi 123,,bus_stop,
11978979371,40.348205,49.8107611,Badamdar şosesi 143,,bus_stop,
11978985369,40.3469158,49.8104007,Badamdar şosesi 40,,bus_stop,
11978987869,40.3444336,49.8103703,41-ci polis bölməsi,,bus_stop,
11978988469,40.3419751,49.8102728,Badamdar şosesi 7,,bus_stop,
11978988969,40.3393313,49.8078233,Gülarə Əliyeva parkı,,bus_stop,
11978992069,40.3398434,49.8093852,Neftçilər küçəsi 9,,bus_stop,
11978992469,40.3422662,49.8105026,Badamdar şosesi 96,,bus_stop,
11978992470,40.3551145,49.8188622,Bakı Oksford Məktəbi,,bus_stop,
11978995269,40.3507472,49.8109321,Badamdar şosesi 151,,bus_stop,
11978995270,40.3561763,49.822099,Səbail rayon Polis İdarəsi,,bus_stop,
11978995271,40.3583022,49.8234436,İzzət Nəbiyev küçəsi 26D,,bus_stop,
11978995272,40.3616872,49.8159189,İ. Nəbiyev – M. Müşfiq küç. kəs.,,bus_stop,
11978995469,40.3521231,49.8115623,Abbasqulu Abbaszadə küçəsi 16,,bus_stop,
11981463670,40.3542282,49.8110757,Xüsusi Müalicə Sağlamlıq Kompleksi,,bus_stop,
11981463672,40.3616684,49.8153151,Mikayıl Müşfiq küçəsi 99,,bus_stop,
11981503569,40.3693909,49.8104326,94 saylı uşaq bağçası,,bus_stop,
11981505569,40.3744067,49.8097125,Bakı Dövlət Universiteti,Baku State University,bus_stop,
11981505570,40.3786014,49.8091529,Yasamal Rayon İcra Hakimiyyəti,,bus_stop,
11981505571,40.3848817,49.8082859,Həsən bəy Zərdabi küçəsi 38B,,bus_stop,
11981512569,40.3816651,49.8087401,Həsən bəy Zərdabi küçəsi 14,,bus_stop,
11981518069,40.391567,49.8085898,Yasamal Rayon Polis İdarəsi,,bus_stop,
11981518270,40.3936561,49.8066625,Dövlət Sosial Müdafiə Fondu,,bus_stop,
11981518569,40.3909979,49.8071365,Qələbə dairəsi,,bus_stop,
11981524869,40.3944242,49.8062977,22 nömrəli Uşaq Musiqi Məktəbi,,bus_stop,
11981526569,40.3908506,49.8068501,Yasamal Rayon Prokurorluğu,,bus_stop,
11981527470,40.3777898,49.8090286,Yasamal Rayon İcra Hakimiyyəti,,bus_stop,
11981529369,40.3851155,49.8080337,13 nömrəli Uşaq Poliklinikası,,bus_stop,
11981529370,40.3824051,49.808384,Həsən bəy Zərdabi küçəsi 39,,bus_stop,
11981529371,40.3617701,49.815035,Mikayıl Müşfiq küçəsi 98,,bus_stop,
11981534169,40.3564292,49.8102337,İkinci Fəxri Xiyaban,,bus_stop,
11981534969,40.3539948,49.8108707,Xüsusi Müalicə Sağlamlıq Kompleksi,,bus_stop,
11981536369,40.3399767,49.8082247,34 nömrəli Şəhər Poliklinikası,,bus_stop,
11981540069,40.3411583,49.8064095,Badamdar qəs. Mədəniyyət Evi,,bus_stop,
11981541269,40.338737,49.8044757,DTX Hərbi Hospitalı,,bus_stop,
11981542569,40.3394129,49.8086294,34 nömrəli Şəhər Poliklinikası,,bus_stop,
11992633370,40.37555,49.8429982,Nizami kino mərkəzi,Nizami Cinema Center,bus_stop,
11998604401,40.3826339,49.8725375,Xətai m/st,,bus_stop,
12001125169,40.4117207,49.8620329,Əhməd Rəcəbli küçəsi 208,,bus_stop,
12001127569,40.4166192,49.8583738,Əhməd Rəcəbli küçəsi 254,,bus_stop,
12001128169,40.4207466,49.8550667,Əhməd Rəcəbli küçəsi 304,,bus_stop,
12001130869,40.426244,49.8522119,Binəqədi Rayon Gənclər və İdman İdarəsi,,bus_stop,
12001130870,40.4263465,49.8518678,S. Axundov küçəsi 323,,bus_stop,
12001137170,40.3981407,49.8326949,Azərbaycan Tibb Universiteti (38),Azerbaijan Medical University (38),bus_stop,
12001139069,40.3998001,49.8244002,Ceyhun Səlimov küçəsi 7,,bus_stop,
12001140069,40.398004,49.8266575,C. Məmmədquluzadə küç. 139B,,bus_stop,
12001143970,40.4000234,49.8255108,MN-nin Pataloji Anatomiya Mərkəzi,,bus_stop,
12005633670,40.4095147,49.8731456,Bakı Modern Təhsil kompleksi,,bus_stop,
12005633969,40.4070749,49.8750608,Əliyar Əliyev küçəsi 194,,bus_stop,
12005654069,40.4120317,49.8709741,Uluqbəy k. Daxili Qoşunların hərbi hissəsi,,bus_stop,
12005654070,40.4102106,49.8676979,Y. Çəmənzəminli küçəsi 104,,bus_stop,
12005654569,40.4102379,49.86714,Y. Çəmənzəminli küçəsi 123,,bus_stop,
12005654570,40.4114007,49.8702406,Y. Çəmənzəminli küçəsi 106,,bus_stop,
12005686369,40.4110839,49.8717775,Əliyar Əliyev küçəsi 69,,bus_stop,
12005695469,40.4095862,49.8729557,Bakı Modern Təhsil kompleksi,,bus_stop,
12005696869,40.4067797,49.8751047,Əliyar Əliyev küçəsi 99,,bus_stop,
12005696870,40.3744518,49.8595896,Neftçilər prospekti 68,,bus_stop,
12005696871,40.381966,49.8673579,Xocalı prospekti 14,,bus_stop,
12005697369,40.4046412,49.8744382,Təbriz küçəsi 221,,bus_stop,
12041238969,40.4000261,49.8516164,Gənclik m/st,,bus_stop,
12041283170,40.399386,49.8519101,Gənclik m/st,,bus_stop,
12041283171,40.3998375,49.8517264,Gənclik m/st,,bus_stop,
12041288169,40.3996157,49.8518161,Gənclik m/st,,bus_stop,
12042324969,40.4171474,49.7969349,"Avtovağzal NMM (7A, 13, 96)",,bus_stop,
12042326769,40.4170486,49.7966333,Avtovağzal NMM,,bus_stop,
12042332269,40.4172383,49.796526,Avtovağzal NMM (91),,bus_stop,
12042334669,40.4179002,49.7964079,"Avtovağzal NMM (595, Bakı – Sumqayıt)",,bus_stop,
12042337269,40.4169353,49.7970461,"Avtovağzal NMM (2, 14)",,bus_stop,
12042403212,41.3865029,45.1838158,Böyük Kəsik,,stop_position,
12044544522,41.3729149,45.1419841,Avtobus Dayanacağı \ Sadaxlı,,bus_stop,
12047922969,40.3939384,49.8731411,8 nömrəli tam orta məktəb,,bus_stop,
12047926569,40.3935687,49.8749771,8 nömrəli Şəhər Poliklinikası,,bus_stop,
12047926570,40.4015585,49.8736565,193 nömrəli tam orta məktəb,,bus_stop,
12047927269,40.3946986,49.8759361,291 nömrəli Ekologiya Liseyi,,bus_stop,
12047927369,40.3963547,49.8781975,Çernyayevski küçəsi,,bus_stop,
12047929269,40.3980976,49.8772392,Ağa Nemətulla küçəsi 52,,bus_stop,
12059913869,40.3865777,49.8440347,Nəsimi Rayon Polis İdarəsi,,bus_stop,
12066960842,41.1302527,45.4278982,Yeni Poylu Stansiyası,,station,
12068639869,40.3883263,49.8299824,Azərişıq ASC,,bus_stop,
12068640370,40.3971526,49.8356194,ADPU 3-cü korpus,,bus_stop,
12068640470,40.3907166,49.8295583,C. Məmmədquluzadə küç. 178,,bus_stop,
12068640772,40.3945167,49.8279646,C. Məmmədquluzadə küç. 100,,bus_stop,
12068640773,40.3962574,49.831603,Tibb Universiteti Tədris Terapevtik Klinikası,,bus_stop,
12068640774,40.3937293,49.8331639,1 nömrəli Kliniki Tibbi Mərkəz,,bus_stop,
12068818981,39.8541328,46.7458472,Dayanacaq,,bus_stop,
12070327569,40.3977233,49.838166,Nəsib bəy Yusifbəyli küç. 62,,bus_stop,
12071860388,39.8228551,46.8512737,Dayanacaq,,bus_stop,
12075487097,41.4340439,46.888766,,,bus_stop,
12076055214,40.3967409,49.9527942,4,,subway_entrance,
12076055215,40.3983343,49.9516141,1,,subway_entrance,
12085733569,40.4181635,49.8640689,Ziya Bünyadov pr. 214,,bus_stop,
12085733570,40.4276854,49.8935305,Ziya Bünyadov pr. 414,,bus_stop,
12085734369,40.4273136,49.8838083,Ziya Bünyadov pr. 2084,,bus_stop,
12085741170,40.4280166,49.8919483,Ziya Bünyadov pr. 2062,,bus_stop,
12085751970,40.4278638,49.8834937,Ziya Bünyadov pr. 63,,bus_stop,
12085751971,40.4177544,49.862039,Ziya Bünyadov pr. 359,,bus_stop,
12090742369,40.3957476,49.8416168,M. Mirqasımov küçəsi 51,,bus_stop,
12090742669,40.3951108,49.8388547,M. Mirqasımov küç. 7,,bus_stop,
12090742673,40.397874,49.8773011,Nərimanov Rayon İcra və Probasiya Ş.,,bus_stop,
12090743969,40.3942995,49.8352168,Nəsimi Rayon Mühafizə İdarəsi,,bus_stop,
12090750069,40.4005207,49.832106,Səməd Vurğun küç. 238,,bus_stop,
12090750773,40.3937225,49.8764235,V. Mayakovski küç. 19,,bus_stop,
12090750870,40.3964816,49.8782146,Çernyayevski küçəsi 57,,bus_stop,
12090750871,40.3940954,49.8761739,V. Mayakovski küç. 10,,bus_stop,
12090779869,40.3949763,49.876042,291 nömrəli Ekologiya Liseyi,,bus_stop,
12090804869,40.3934312,49.8763437,İsmayıl Hidayətzadə küç. 86,,bus_stop,
12090805269,40.3926622,49.8783939,V. Mayakovski küç. 1,,bus_stop,
12090806469,40.3919305,49.8778385,Yanvar Nəsirov küçəsi 3,,bus_stop,
12090806470,40.3918765,49.8772069,154 saylı poçt şöbəsi,,bus_stop,
12104121671,40.6334083,45.8130628,,,bus_stop,
12104579599,40.2243312,49.5673886,"Sahil, Qaradağ",,bus_stop,
12104579600,40.2279291,49.5727568,"Sahil, Qaradağ",,bus_stop,
12117567436,40.424903,49.8289212,246 saylı mәktәb,,bus_stop,
12128487414,41.0900893,45.3520439,Avtovağzal,,bus_station,
12137234556,40.6144048,47.9996885,,,bus_stop,
12137268986,40.6223801,47.9588031,,,bus_stop,
12137300547,40.6403375,47.7876148,,,bus_stop,
12137306735,40.650897,47.6903792,,,bus_stop,
12137311990,40.6508348,47.6972924,,,bus_stop,
12137323795,40.6543451,47.6389988,,,bus_stop,
12137328515,40.6326201,47.5704184,,,bus_stop,
12137332929,40.6361632,47.5520089,,,bus_stop,
12137339093,40.9742771,47.1330126,,,bus_stop,
12137364366,41.0640983,47.1412277,,,bus_stop,
12137365140,40.7876453,47.1812295,,,bus_stop,
12137372464,40.7955867,47.1834616,,,bus_stop,
12137372466,40.9564252,47.1403309,,,bus_stop,
12137377468,40.7085302,47.2209225,,,bus_stop,
12137382703,40.7628431,47.1941439,,,bus_stop,
12137383612,40.7885399,47.1816636,,,bus_stop,
12137383940,40.7261376,47.2038271,,,bus_stop,
12137384940,40.7252497,47.2037767,,,bus_stop,
12137385550,40.717981,47.2158647,,,bus_stop,
12137387003,40.7222438,47.2099283,,,bus_stop,
12137390631,40.7977223,47.1847012,,,bus_stop,
12137397874,41.0475181,47.1511794,,,bus_stop,
12137406845,40.9912401,47.1185019,,,bus_stop,
12137414554,40.8975755,47.1829963,,,bus_stop,
12137415188,40.9290541,47.1608506,,,bus_stop,
12137415828,40.8991943,47.1828489,,,bus_stop,
12137415867,41.0474069,47.1515271,,,bus_stop,
12137415868,41.1479129,47.1558233,,,bus_stop,
12137416989,41.0285232,47.1547243,,,bus_stop,
12137416990,41.08136,47.1458785,,,bus_stop,
12137418126,40.9823997,47.1242039,,,bus_stop,
12137419001,40.9289794,47.1604272,,,bus_stop,
12137422369,41.0210226,47.1493059,,,bus_stop,
12137424145,40.9822748,47.1245816,,,bus_stop,
12137424999,40.9917993,47.1183312,,,bus_stop,
12137425459,41.132632,47.1489075,,,bus_stop,
12137428494,41.1327099,47.1486273,,,bus_stop,
12137428495,41.160232,47.1629402,,,bus_stop,
12137432070,41.1602044,47.1631142,,,bus_stop,
12137443587,41.1483429,47.1558307,,,bus_stop,
12137487344,41.1993752,47.1770558,,,bus_stop,
12138438202,40.9563981,47.1399522,,,bus_stop,
12139368075,41.334647,46.9510276,,,bus_stop,
12139369281,41.3947069,46.916098,,,bus_stop,
12139421197,41.381795,46.9244056,,,bus_stop,
12139421308,41.3937576,46.916307,,,bus_stop,
12139433733,41.4162183,46.9034899,,,bus_stop,
12139622370,41.4681379,47.054155,,,bus_stop,
12141638086,41.2025329,47.1805667,,,bus_stop,
12142104588,41.2022616,47.180896,,,bus_stop,
12143415837,41.1944621,47.1744742,,,bus_stop,
12143435047,41.202257,47.1812121,,,platform,
12143438536,41.1946825,47.1744053,,,bus_stop,
12143445045,41.1982111,47.1759672,,,bus_stop,
12146044341,39.8285494,46.7694956,Xankəndi Kafedral Kilsəsi,,bus_stop,
12149385137,40.462846,50.0502698,Terminal 2,,bus_stop,
12186768904,40.4030346,49.8087268,20 Yanvar m/st (Tbilisi pr.),,bus_stop,
12193014445,39.8766812,46.7839176,Dayanacaq,,bus_stop,
12223155220,40.3754196,49.8590983,Port of Baku,,bus_stop,
12223155223,40.3749352,49.8544386,Hökümət evi,,bus_stop,
12223155296,40.3787054,49.85231,Səməd Vurğun bağı,,bus_stop,
12252228801,40.3785416,49.854335,Aero Express shuttle to Airport (GYD),,bus_station,
12279155401,40.464643,50.0522933,Air Baku,Air Baku,bus_stop,
12290251761,40.3766394,49.8487113,Azәrbaycan Hava Yolları QSC,Azerbaijan Airlines CJSC,bus_stop,
12302199477,40.7149086,46.4239716,,,bus_stop,
12305008200,40.4179172,49.7985594,Mərkəzi Avtovağzal Bakı - Giriş 2,Central Bus Station 2 Baku,bus_station,
12323738059,40.5771897,45.8102645,Yeni Avtovağzal,,bus_station,
12328953982,40.3234274,49.7634225,Abşeron Ticarət Mərkəzi dayanacağı,,bus_station,
12333958701,40.4051147,49.8374997,Məmməd Araz 23,,bus_stop,
12333958702,40.3400831,49.834562,Bibiheybət neft və qaz çıxarma idarəsi,Bibiheybat oil and gas extraction department,bus_stop,
12333958901,40.3462753,49.8384751,15 saylı Uşaq Poliklinikası,Children's Polyclinic No. 15,bus_stop,
12336679901,40.3793225,49.8515536,28 May B,,bus_stop,
12344890751,40.3794324,49.8516059,28 May A (to airport),,bus_stop,
12344890752,40.3793508,49.8489683,28 May F,,bus_stop,
12344890757,40.3792415,49.8472598,28 Mall,,bus_stop,
12403001576,40.5428844,46.1147837,Quşçu Yük stansiyası,,station,
12426445271,40.5193617,46.0829915,Köhnə Avtovağzal,,bus_station,
12483909000,40.3776237,49.8968383,AFFA,,bus_stop,
12484021901,40.3778467,49.8973708,AFFA,,bus_stop,
12589823725,40.5267968,49.7417647,,,bus_stop,
12589829211,40.5268093,49.7458304,"508 , 521",,bus_stop,
12589829467,40.5269901,49.74121,"508 , 521",,bus_stop,
12590006703,40.5304509,49.7459782,,,bus_stop,
12590006704,40.5305373,49.7459533,,,bus_stop,
12590006705,40.5296685,49.7260885,521,,bus_stop,
12590026202,40.5297815,49.7264365,508,,bus_stop,
12590026203,40.5266938,49.7569456,521,,bus_stop,
12590030901,40.5293259,49.7273385,"508 , 521",,bus_stop,
12590030902,40.5330109,49.7467905,17,,bus_stop,
12590038501,40.5266529,49.7465698,"508 , 521",,bus_stop,
12590038502,40.5329828,49.7466668,17a,,bus_stop,
12590042801,40.5312477,49.7469549,17,,bus_stop,
12590042802,40.5312803,49.7467932,17a,,bus_stop,
12590091402,40.5315695,49.7431136,17a,,bus_stop,
12590130602,40.5290081,49.7206718,521,,bus_stop,
12590132201,40.5293998,49.7236418,521,,bus_stop,
12590146401,40.5291048,49.7205876,521,,bus_stop,
12590158853,40.5314786,49.7429328,17,,bus_stop,
12590607186,40.5343423,49.7371805,17a,,bus_stop,
12590607187,40.5345125,49.7370161,17,,bus_stop,
12592534986,40.4047178,49.8593595,City Clinic Hospital №5,,bus_stop,
12615285401,40.5380236,49.7117523,,,bus_stop,
12615285701,40.5380775,49.7118855,,,bus_stop,
12649465849,40.4153348,49.8290912,Cəfər Xəndan küçəsi 2,,bus_stop,
12658335894,40.3950996,49.85287,Nərimanov Rayon Məhkəməsi,,bus_stop,
12658335895,40.3950246,49.8527942,Əhməd bəy Ağaoğlu 59,,bus_stop,
12692708504,40.5337276,49.7233132,,,bus_stop,
12692711102,40.5335849,49.7231987,,,bus_stop,
12692716902,40.5430489,49.7337164,,,bus_stop,
12692717202,40.5430392,49.7339129,,,bus_stop,
12695993101,40.3674411,49.8388308,Kukla teatrı,Puppet Theatre,bus_stop,
12734240007,40.4222171,49.9202863,Express Bus to Airport,,bus_stop,
12734707024,40.4363755,50.0323773,Express Bus to Airport,,bus_stop,
12812431287,40.5022953,46.8291646,Avtovağzal Naftalan,,bus_station,
12900977301,41.6291896,46.6400984,,,bus_stop,
12965013934,39.9450702,48.9579186,Stansiya,,station,
12974485816,39.820808,46.7749945,Xankəndi stansiyası,,station,
13019532655,40.2074904,47.0572067,Təzəkənd,,station,
13019532659,39.9941023,46.9617222,Ağdam,,station,
13110079079,40.5511202,49.7118551,508 (Sonuncu dayanacağı),,bus_stop,
13110105936,40.4018836,49.8119021,Seyid Cəfər Pişəvari küçəsi,,bus_stop,
13165180037,40.526777,50.0974918,,,bus_stop,
13165180038,40.5270211,50.0978948,,,bus_stop,
13238090387,41.0996899,45.3361494,Qazax,,stop_position,
13238090388,40.9938131,45.6165536,Tovuz,,stop_position,
13239423291,41.2762215,46.9709845,,,stop_position,
13239423292,41.5195798,46.6411104,,,stop_position,
13239423293,41.3929296,46.7551325,,,stop_position,
13239423294,41.3187958,46.8701773,,,stop_position,
13239423295,41.6779319,46.4113595,Balakən,,stop_position,
13248051700,40.3682105,47.1121082,Bərdə,,stop_position,
13248059801,40.2075238,47.0570944,Təzəkənd,,stop_position,
13248059802,39.9940934,46.9617663,Ağdam,,stop_position,
13326113922,40.3724738,49.9470402,,,bus_station,
13374354716,40.4028171,49.871427,5,,subway_entrance,
13374354717,40.3749927,49.8624383,Port Baku parkı,,bus_stop,
13381289701,40.5845653,49.6654323,"Avtobus Staniyası 7, 26, 33 / 7-nin dayanacağı","Bus station for 7, 26, 33",bus_station,
13383717902,40.5861656,49.6638413,"594/595 son dayancaq, Sumqayıt Avtovağzalı",,bus_station,
13401743373,40.4261425,49.8637123,Dərnəgül stansiyası,,station,
13449794412,40.3787768,49.8731094,Maliyyə İqtisad Kolleci,,bus_stop,
13455792999,40.4215555,49.8529785,,,bus_stop,
13586367236,40.4374712,49.8087643,Biləcəri bələdiyyəsi,,bus_stop,
13586367237,40.4377429,49.8080026,Biləcəri bələdiyyəsi,,bus_stop,
13586367238,40.4378998,49.8089019,Biləcəri bələdiyyəsi,,bus_stop,
13586367239,40.4613747,49.8398459,Dairəvi yol 14,,bus_stop,
13586367240,40.4612491,49.8401856,Dairəvi yol 11,,bus_stop,
13586367241,40.4599219,49.8348611,Nicat Mustafayev küçəsi 92,,bus_stop,
13586367242,40.459864,49.835055,Nicat Mustafayev küçəsi 143,,bus_stop,
13586367243,40.4601995,49.8309424,Gülməmməd Ramazanov 501,,bus_stop,
13586367244,40.4598248,49.8295272,,,bus_stop,
13586367245,40.4581375,49.8268676,Binəqədi yolu Hərbi hissə,,bus_stop,
13586367246,40.4576216,49.8251976,Dairəvi yol 41,,bus_stop,
13586367247,40.4566622,49.8228549,Binəqədi qəsəbəsi 1-ci mədən yaşayış massivi,,bus_stop,
13586367248,40.4566698,49.8221722,10 May küçəsi - Qaya Nəqliyyat MMC,,bus_stop,
13586367252,40.4555502,49.8186717,Dairəvi yol 346,,bus_stop,
13586367253,40.4553919,49.8183356,Binəqədi qəsəbəsi Araz küçəsi giriş 219,,bus_stop,
13586367254,40.4554007,49.8174598,Dairəvi yol 220,,bus_stop,
13586367255,40.4543607,49.8142445,10 May küçəsi - MİDA Yaşayış Kompleksi,,bus_stop,
13586367256,40.4543323,49.8136,Dairəvi yol 87B,,bus_stop,
13586367289,40.4536499,49.8113757,Binəqədi elektrik yarımstansiyası,,bus_stop,
13586367290,40.4535367,49.8103666,Binəqədi elektrik yarımstansiyası,,bus_stop,
13586367291,40.4524919,49.806258,Dairəvi yol 66C,,bus_stop,
13586367292,40.452507,49.8068956,10 may küçəsi 492,,bus_stop,
13586367293,40.4502801,49.8091871,Xudadat Məlikaslanov küçəsi 302,,bus_stop,
13586367294,40.4499637,49.8090866,Xudadat Məlikaslanov küçəsi 223,,bus_stop,
13586367295,40.4472562,49.8092549,Xudadat Məlikaslanov küçəsi 178,,bus_stop,
13586367296,40.4474002,49.8093958,Xudadat Məlikaslanov küçəsi 268,,bus_stop,
13586367297,40.4454406,49.8095421,Xudadat Məlikaslanov küçəsi 202,,bus_stop,
13586367298,40.4451278,49.8094435,Xudadat Məlikaslanov küçəsi 194A,,bus_stop,
13609044263,40.3426566,49.9685173,Polad Həşimov küçəsi 152,,bus_stop,
13609044264,40.342958,49.9648528,H.Əliyev adına Azərbaycan Ali Hərbi Məktəbi,,bus_stop,
13609044266,40.3486595,49.9617646,,,bus_stop,
13609053412,40.3548465,49.9538152,Xətai Rayon Mühafizə İdarəsi,,bus_stop,
13715408812,40.4634997,49.7478797,MətanətA stansiyası,,bus_stop,
13715411823,40.4627138,49.7480729,Məktəb yolu,,bus_stop,
13715435998,40.4512247,49.7638877,Xırdalan qəbirstanlığı,,bus_stop,
13715453414,40.4555259,49.7577906,Masazır dairәsi,,bus_stop,
13727503758,40.4932745,49.7465431,525,,bus_stop,
13729566401,40.4244125,49.8377408,4-cü Polis Bölməsi,,bus_stop,
13762177891,40.5379908,49.8756042,,,bus_stop,
13762241606,40.5034118,49.8940257,,,bus_stop,
13762241607,40.5034207,49.8920811,,,bus_stop,
13762241608,40.5033591,49.8950259,,,bus_stop,
13762241609,40.5035941,49.8951944,,,bus_stop,
13762241617,40.5484734,49.9013017,,,bus_stop,
13762241618,40.5506113,49.8930341,,,bus_stop,
13762241619,40.5499729,49.8813753,,,bus_stop,
13770765234,40.3843266,49.8869405,Mərkəzi Bulvar 1-ci fəvvarələr küç. kəs.,,bus_stop,
13812161536,40.3751235,49.9612094,260 nömrəli tam orta mәktәb,,bus_stop,
13812205815,40.3924654,49.9862874,318 nömrəli tam orta məktəb,,bus_stop,
13812205816,40.3923266,49.9858556,Elektrik yarımstansiyası,,bus_stop,
13812205939,40.3935905,49.990607,Mədən küçəsi 17,,bus_stop,
13812205940,40.3934042,49.9906391,Mədən küçəsi 43,,bus_stop,
13812205944,40.3948729,49.9935078,Mədən küçəsi 91,,bus_stop,
13812205945,40.3953501,49.9938344,Mədən küçəsi 97,,bus_stop,
13812205950,40.3961824,49.9981766,Mədən küçəsi 115,,bus_stop,
13812205951,40.3956066,49.9985708,Mədən küçəsi 135,,bus_stop,
13812205955,40.4008022,50.0007523,FHN-nin 54 saylı yanğından mühafizə i.,,bus_stop,
13812205956,40.4004729,50.0008817,FHN-nin 54 saylı yanğından mühafizə i.,,bus_stop,
13812205957,40.40388,50.0017819,Zığ şosesi,,bus_stop,
13812205958,40.4037018,50.0019884,Zığ şosesi,,bus_stop,
13812205961,40.4074423,50.0027733,Zığ şosesi,,bus_stop,
13812205962,40.407561,50.0029798,Zığ şosesi 367,,bus_stop,
13812205966,40.411857,50.0025444,Zığ şosesi İlham Şükürov küçəsi ilə kəs.,,bus_stop,
13812205967,40.4122965,50.0027452,Zığ şosesi 289,,bus_stop,
13822033530,40.4156062,49.8469412,Səttar Bəhlulzadə küçəsi 151,,bus_stop,
13822033531,40.4157134,49.8483012,Səttar Bəhlulzadə küçəsi 86C,,bus_stop,
13830616952,39.1932009,46.9038985,Qumlaq,,station,
13857117060,40.4335133,49.8574751,Dərnəgül deposu,,station,
13884928821,40.9624188,47.138316,,,bus_stop,
13884928870,40.9631986,47.1383938,,,bus_stop,
13904644707,40.6764548,46.3562138,Bus 15,,bus_stop,
13916670401,40.6793689,46.3492061,Bus 15,,bus_stop,
13998583682,41.6287088,46.6416152,,Southeast-bound minivans,bus_stop,
13998583683,41.628782,46.641288,,Southeast-bound minivans,bus_stop,
14066809342,40.423632,49.8181348,,,bus_station,
14076889901,40.4730061,49.7770778,,,bus_stop,
14087294056,40.3693395,49.8357044,Qoşa Qala qapısı,,bus_stop,
14087359973,40.3726451,49.7979375,Şöhrət küçəsi,,bus_stop,
14087438866,40.7721312,47.0457485,Heydər Əliyev prospekti,,bus_stop,
14087458148,40.7717472,47.0474941,Heydər Əliyev prospekti,,bus_stop,
14090081060,40.4255977,49.8142161,Adil Məmmədov küçəsi 171B,,bus_stop,
14091467592,40.3788127,49.8460465,28 Mall,,bus_stop,
14092979313,40.4159126,49.8578566,Ziya Bünyadov pr. 343B,,bus_stop,
14093752495,40.422485,49.7969221,Avtovağzal m/st,,bus_stop,
14093756663,40.379204,49.8935277,Mərkəzi Bulvar küçəsi 123,,bus_stop,
14093815045,40.3905307,49.8798352,57 saylı məktəb,,bus_stop,
14094506645,40.3593193,49.9575528,257 saylı məktəb,,bus_stop,
14094546703,40.44006,49.8445825,Binəqədi şos. ilə Baksol yolunun kəs.,,bus_stop,
14095406227,40.3961007,49.8951921,227 saylı məktəb,,bus_stop,
14096064989,40.3237129,49.763715,Abşeron ticarət mərkəzi,,bus_stop,
14096067371,40.4128698,49.8552923,11 saylı məktəb,,bus_stop,
14097322052,40.3048236,49.752892,Binə ticarət mərkəzi,,bus_stop,
14097679500,40.4461714,49.9452732,Sabunçu dəmiryol stansiyası,,bus_stop,
14098502973,40.4117103,49.8204265,Hüseynbala Əliyev küçəsi 15,,bus_stop,
14098609107,40.411717,49.8209059,Heydər Əliyev adına Park,,bus_stop,
14098679864,40.3995582,49.8514902,"Gənclik m/st (M5, M6)",,bus_stop,
14098882480,40.3745471,49.8158189,Elmlər Akademiyası m/st (M6),,bus_stop,
14100502980,40.4034734,49.8076653,20 Yanvar m/st (M3),,bus_stop,
14101211325,40.36079,49.9675374,Səməd bəy Mehmandarov küçəsi,,bus_stop,
14101634806,40.3857335,49.9532481,Əhmədli m/st,,bus_stop,
14101638985,40.3790599,49.8847221,Bakı Fransız liseyi,,bus_stop,
14101640613,40.3778523,49.8922975,8 Noyabr prospekti 36,,bus_stop,
14102942834,40.381451,49.8758987,55 nömrəli tam orta məktəb,,bus_stop,
14102954933,40.3820854,49.8651761,Xocalı prospekti 3A,,bus_stop,
14104941840,40.3790573,49.8788525,2 saylı ASAN xidmət mərkəzi,,bus_stop,
14105459574,40.3779614,49.8665967,25 saylı poçt şöbəsi,,bus_stop,
14105459575,40.3761104,49.8567922,Bakı Elitar Gimnaziyası,,bus_stop,
14107346174,40.3998872,49.9502585,Xalqlar Dostluğu m/st,,bus_stop,
14116161670,40.3993451,49.8362385,Həsən Əliyev küçəsi 164A,,bus_stop,
14116259960,40.4173358,49.7968302,Avtovağzal NMM (29),,bus_stop,
14118540735,40.4165177,49.8161426,4-cü mikrorayon dairәsi,,bus_stop,
14120535816,40.4179318,49.9332533,4,,subway_entrance,
14120535817,40.4175206,49.9331403,1,,subway_entrance,
14122372661,40.3985709,49.8407987,Bakı Sağlamlıq Mərkəzi,,bus_stop,
14122372662,40.4318034,49.8425581,Binəqədi şos. 212D,,bus_stop,
14122372663,40.4355003,49.8444648,6 nömrəli xəstəxana,,bus_stop,
14122372664,40.4408425,49.8449514,Binəqədi stansiyası,,bus_stop,
14122372665,40.4453176,49.8442257,Dövlət Yol Polisi Binəqədi rayon şöbəsi,,bus_stop,
14122372666,40.4482525,49.8437007,Babadağ küçəsi,,bus_stop,
14122372667,40.4544304,49.8427325,Binəqədi şosesi,,bus_stop,
14122372668,40.4589828,49.8422182,Polad zavodu,,bus_stop,
14122372669,40.4617861,49.8417654,Binəqədi şosesi 832A,,bus_stop,
14122372670,40.4630428,49.8410982,Mehdiabad yolu,,bus_stop,
14122372671,40.4672026,49.841153,Qız qalası küçəsi,,bus_stop,
14122372672,40.465254,49.8355063,Bayraq küçəsi,,bus_stop,
14122372673,40.4647899,49.8309414,Qız qalası küçəsi,,bus_stop,
14122372674,40.4660092,49.8292395,Cahan küçəsi,,bus_stop,
14122372675,40.4666427,49.8278876,Binəqədi Rayon Mərkəzi Mədəniyyət evi,,bus_stop,
14122372676,40.4673638,49.8276772,Binəqədi Mədəniyyət evi,,bus_stop,
14122372677,40.4707314,49.8259807,182 nömrəli tam orta məktəb,,bus_stop,
14122372678,40.474338,49.8230013,Cümə məscidi Binəqədi,,bus_stop,
14123237583,40.3465457,49.8399171,Dövlət Bayrağı Meydanı,,bus_stop,
14123249131,40.3035506,49.7595985,Binə ticarət mərkəzi,,bus_stop,
14123252629,40.326106,49.8241656,6 nömrəli Bakı Peşə Məktəbi,,bus_stop,
14124908874,40.4822219,49.8370231,Binəqədi gənclər şəhərciyi,,bus_stop,
14124908875,40.4803395,49.8351971,Qarapapaqlılar küçəsi,,bus_stop,
14124908876,40.4781729,49.8338511,Qapanlı küçəsi,,bus_stop,
14124908877,40.4756745,49.8332737,Novxanı yolu,,bus_stop,
14124908878,40.4745921,49.8337721,Qapi emalatxanası,,bus_stop,
14124908879,40.4719727,49.8335187,Araz supermarket,,bus_stop,
14124908880,40.4681162,49.8290682,Şahdəmir küçəsi,,bus_stop,
14124908881,40.4124637,49.8300598,Eldar Babayev küçəsi 32,,bus_stop,
14126356524,40.3557344,50.0730986,Cəbrayıl Xanməmmədov küçəsi 65,,bus_stop,
14127811285,40.3843009,50.0735917,Hövsan Yaşayış Kompleksi,,bus_stop,
14127820464,40.3843245,50.0736571,Hövsan Yaşayış Kompleksi,,bus_stop,
14127929360,40.405281,49.8074399,20 Yanvar m/st (594),,bus_stop,
14127976897,40.5865967,49.6635322,Sumqayıt Avtovağzalı,,bus_stop,
14127976898,40.4053476,49.8065713,"20 Yanvar m/st (594, E2)",,bus_stop,
14128011707,40.5430947,49.6634837,Ceyranbatan qәsəbəsi,,bus_stop,
14128011708,40.5429202,49.6632687,Ceyranbatan qәsəbəsi,,bus_stop,
14128755301,40.3773219,49.8714454,8 Noyabr prospekti 16,8 November 16,bus_stop,
14129451395,40.3772915,49.9002421,DİN Miqrasiya İdarəsi,,bus_stop,
14129451396,40.3768851,49.9073872,Çevik Polis Alayı,,bus_stop,
14129451397,40.3762158,49.9144543,Xəzər Televiziyası,,bus_stop,
14129451398,40.3757091,49.9185785,Bakı İstilik Elektrik Mərkəzi,,bus_stop,
14129451399,40.3748586,49.9242177,59 nömrəli tam orta mәktәb,,bus_stop,
14129451400,40.3726436,49.927607,8 Noyabr prospekti 395,,bus_stop,
14129456901,40.370162,49.9316683,AzərGeoMaş Elmi İstehsalat Müəssisəsi,,bus_stop,
14129456902,40.3689466,49.9358641,8 Noyabr prospekti ilə Ramiz Quliyev küçəsinin kəs.,,bus_stop,
14130559110,40.3930037,49.9724785,Neftçilər Parkı,,bus_stop,
14130778835,40.3702544,49.9321992,AzərGeoMaş Elmi İstehsalat Müəssisəsi,,bus_stop,
14132926741,40.4119221,49.9304994,Bona Dea Beynəlxalq Hospitalı,,bus_stop,
14133175307,40.410557,49.8148477,"Memar Əcəmi m/st (92, 158)",,bus_stop,
14133177343,40.4603082,49.8303469,Dairəvi yol,,bus_stop,
14133813829,40.372994,49.9276593,8 Noyabr prospekti 171,,bus_stop,
14133813830,40.3751618,49.9241401,59 nömrəli tam orta məktəb,,bus_stop,
14133813831,40.3758548,49.9195285,Bakı İstilik Elektrik Mərkəzi,,bus_stop,
14133813832,40.376691,49.9131497,Xəzər Televiziyası,,bus_stop,
14133813833,40.3772035,49.9074192,Çevik Polis Alayı,,bus_stop,
14133813834,40.3775603,49.90046,DİN Miqrasiya İdarəsi,,bus_stop,
14133829896,40.3781914,49.8913356,8 Noyabr prospekti 141,,bus_stop,
14133829897,40.3795,49.8830559,8 Noyabr prospekti 25,,bus_stop,
14134763141,40.394708,49.8048536,İsmayıl Talıblı küçəsi 27A,,bus_stop,
14134763142,40.3947764,49.8044075,İsmayıl Talıblı küçəsi,,bus_stop,
14134881840,40.4100654,49.8389155,Bakı Dövlət Cıdır Meydanı,,bus_stop,
14139541276,40.3458407,49.7498571,Qobu Park,,bus_stop,
14139665886,40.3932425,49.7940927,Şərur MTK,,bus_stop,
14139665887,40.3932179,49.7939571,Şərur MTK,,bus_stop,
14139666958,40.4205873,49.7961836,Avtovağzal m/st,,bus_stop,
14139666959,40.4195611,49.7970933,Avtovağzal m/st,,bus_stop,
14139772512,40.5779477,49.6856366,Heydər Əliyev parkı,,bus_stop,
14139772513,40.5764929,49.6882537,Heydər Əliyev mərkəzi,,bus_stop,
14139772514,40.5739096,49.6923627,,,bus_stop,
14140668327,40.3813198,49.8414331,Bakı Xoreoqrafiya Akademiyası,Baku Choreography Academy,bus_stop,
14141611256,40.5020464,50.1975181,Şüvəlan Qəsəbə Dövlət Yanğından Mühafizə Bölməsi,,bus_stop,
14141905882,40.4868063,50.1647457,Mərdəkan Mədəniyyət Sarayı,,bus_stop,
14145118404,40.4427067,49.7721025,Xırdalan dairәsi,,bus_stop,
14145118405,40.451386,49.7641756,Xırdalan qəbirstanlığı,,bus_stop,
14145118406,40.4579716,49.7554016,Masazır dairәsi,,bus_stop,
14148376473,40.3767849,49.7903581,Royal Park yaşayış kompleksi,,bus_stop,
14159725892,40.473,49.6135276,33 nömrəli tam orta məktəb,,bus_stop,
14159725893,40.473339,49.6158444,Müşfiqabad qəsəbəsi,,bus_stop,
14159725894,40.4735571,49.6159615,Müşfiqabad qəsəbəsi,,bus_stop,
14159725895,40.441519,49.7458064,Hökmәli dairәsi,,bus_stop,
14159725896,40.441648,49.7460596,Hökmәli dairәsi,,bus_stop,
14159781861,40.4412553,49.7715149,Heydər Əliyev prospekti 93A,,bus_stop,
14159781862,40.4411512,49.7599997,Heydər Əliyev prospekti 141A,,bus_stop,
14159781863,40.4412465,49.760332,Heydər Əliyev prospekti 476,,bus_stop,
14159781864,40.4449899,49.7537579,Heydər Əliyev prospekti 281,,bus_stop,
14159781865,40.4451268,49.7538994,Heydər Əliyev prospekti 592,,bus_stop,
14160052337,40.3905397,49.8293524,H.Ələsgərov küç. - C.Məmmədquluzadə küç kəs.,,bus_stop,
14160052338,40.3943164,49.8275864,C.Məmmədquluzadə küç. 206,,bus_stop,
14160052339,40.3963415,49.8272531,Mәnzil İnşaatı Dövlәt Agentliyi,State Housing Construction Agency (MİDA),bus_stop,
14160186228,40.371854,49.967655,Əliağa Şıxlinski küçəsi 50,,bus_stop,
14160253411,40.3761366,49.9779173,Mərkəzi küçəsi 357,,bus_stop,
14162405273,40.571468,49.6902753,Üzeyir Hacıbəyov parkı,,bus_stop,
14162405274,40.5718158,49.6913933,Üzeyir Hacıbəyov parkı,,bus_stop,
14183266676,39.108858,45.4158089,Qarabörk,,station,
14201142212,40.4157591,49.8168114,9 nömrəli tam orta məktəb,,bus_stop,
14201142213,40.4140245,49.820852,Hüseyn Seyidzadə küçəsi 19,,bus_stop,
14201142214,40.4141966,49.8208301,Hüseyn Seyidzadə küçəsi 28,,bus_stop,
14201142215,40.4157164,49.8173035,5 nömrəli tam orta məktəb,,bus_stop,
